loan_id,promissory_note_present,id_proof_present,income_verification_present,document_verification_status,uploaded_at,legacy_servicer_code,ocr_confidence_score
LN-08270910-10001,FALSE,TRUE,FALSE,PENDING,2023-07-01,,
LN-08270910-10002,TRUE,TRUE,TRUE,VERIFIED,2023-01-18,LEGACY-CODE-5272,
LN-08270910-10003,,,TRUE,PENDING,2024-05-10,,
LN-08270910-10004,,TRUE,FALSE,PENDING,2023-04-08,,0.65
LN-08270910-10004,FALSE,FALSE,TRUE,PENDING,2023-02-28,,
LN-08270910-10006,,TRUE,FALSE,PENDING,2023-12-07,,
LN-08270910-10007,TRUE,TRUE,TRUE,VERIFIED,2023-08-01,,
LN-08270910-10008,TRUE,TRUE,,PENDING,2023-07-31,,
LN-08270910-10009,,,TRUE,PENDING,2023-05-22,,
LN-08270910-10010,TRUE,TRUE,,PENDING,2023-11-27,,0.67
LN-08270910-10011,TRUE,TRUE,TRUE,VERIFIED,2023-09-21,LEGACY-CODE-9081,
LN-08270910-10012,TRUE,TRUE,TRUE,VERIFIED,2023-03-28,,
LN-08270910-10013,FALSE,,,PENDING,2023-06-28,,
LN-08270910-10014,TRUE,TRUE,,PENDING,2023-09-12,LEGACY-CODE-9953,
LN-08270910-10015,TRUE,TRUE,TRUE,VERIFIED,2023-02-27,,
LN-08270910-10016,TRUE,TRUE,TRUE,VERIFIED,2023-10-11,,
LN-08270910-10017,TRUE,,,PENDING,2023-03-19,,0.85
LN-08270910-10018,TRUE,TRUE,TRUE,VERIFIED,2023-10-13,LEGACY-CODE-9993,
LN-08270910-10019,FALSE,FALSE,FALSE,PENDING,2023-09-15,,
LN-08270910-10020,FALSE,FALSE,FALSE,PENDING,2023-08-06,,0.61
LN-08270910-10021,TRUE,TRUE,FALSE,PENDING,2023-10-11,,
LN-08270910-10022,TRUE,TRUE,TRUE,VERIFIED,2023-03-09,LEGACY-CODE-1531,
LN-08270910-10023,TRUE,TRUE,TRUE,VERIFIED,2023-08-12,,0.51
LN-08270910-10024,TRUE,FALSE,TRUE,PENDING,2023-05-13,LEGACY-CODE-8819,
LN-08270910-10025,FALSE,FALSE,FALSE,PENDING,2023-08-05,,
LN-08270910-10026,TRUE,TRUE,,PENDING,2023-09-29,,
LN-08270910-10027,FALSE,TRUE,TRUE,PENDING,2023-01-19,,
LN-08270910-10027,FALSE,TRUE,TRUE,INCOMPLETE,2023-01-19,,
LN-08270910-10028,TRUE,TRUE,TRUE,PENDING,2023-07-24,LEGACY-CODE-2258,0.95
LN-08270910-10029,TRUE,TRUE,,PENDING,2023-06-05,,
LN-08270910-10030,TRUE,FALSE,,PENDING,2023-06-30,,
LN-08270910-10031,TRUE,TRUE,TRUE,VERIFIED,2023-11-11,LEGACY-CODE-6779,
LN-08270910-10032,,,,PENDING,2023-07-01,,0.92
LN-08270910-10033,,TRUE,TRUE,PENDING,2023-04-05,,
LN-08270910-10034,FALSE,FALSE,,PENDING,2023-02-19,,
LN-08270910-10035,TRUE,TRUE,TRUE,VERIFIED,2023-10-11,,
LN-08270910-10036,TRUE,TRUE,,PENDING,2023-01-23,,0.59
LN-08270910-10037,TRUE,TRUE,,PENDING,2023-03-10,,0.8
LN-08270910-10038,TRUE,TRUE,TRUE,VERIFIED,2023-10-09,LEGACY-CODE-4087,
LN-08270910-10039,TRUE,,TRUE,PENDING,2023-07-21,,
LN-08270910-10040,FALSE,,,PENDING,2023-11-03,,
LN-08270910-10041,,FALSE,FALSE,PENDING,2023-08-18,,
LN-08270910-10042,TRUE,TRUE,FALSE,PENDING,2023-07-17,LEGACY-CODE-3613,
LN-08270910-10043,TRUE,FALSE,FALSE,PENDING,2023-10-03,LEGACY-CODE-1729,
LN-08270910-10044,,,TRUE,PENDING,2023-07-17,,
LN-08270910-10045,TRUE,,FALSE,PENDING,2023-11-13,LEGACY-CODE-7887,
LN-08270910-10046,TRUE,,FALSE,PENDING,2023-10-17,,
LN-08270910-10048,FALSE,FALSE,FALSE,NULL,2023-08-20,,
LN-08270910-10049,TRUE,TRUE,FALSE,PENDING,2023-08-31,,
LN-08270910-10050,TRUE,TRUE,TRUE,VERIFIED,2023-04-25,LEGACY-CODE-7321,
LN-08270910-10051,FALSE,FALSE,,PENDING,2023-11-03,,
LN-08270910-10052,TRUE,TRUE,TRUE,VERIFIED,INVALID_DATE,,
LN-08270910-10053,,FALSE,FALSE,PENDING,2023-12-30,,
LN-08270910-10054,TRUE,,FALSE,PENDING,2023-08-11,,0.77
LN-08270910-10055,,,FALSE,PENDING,2023-06-09,LEGACY-CODE-1039,
LN-08270910-10056,,FALSE,FALSE,PENDING,2023-01-22,,0.58
LN-08270910-10057,,TRUE,,PENDING,2023-07-18,,
LN-08270910-10058,TRUE,,FALSE,PENDING,2023-09-15,,
LN-08270910-10059,TRUE,TRUE,FALSE,PENDING,2023-12-11,,0.85
LN-08270910-10037,,FALSE,TRUE,PENDING,2023-05-01,,
LN-08270910-10061,FALSE,FALSE,TRUE,PENDING,2023-03-08,,
LN-08270910-10062,TRUE,TRUE,TRUE,VERIFIED,2023-05-26,LEGACY-CODE-2220,
LN-08270910-10063,TRUE,TRUE,TRUE,VERIFIED,2023-08-05,,
LN-08270910-10064,TRUE,TRUE,TRUE,PENDING,2023-12-20,LEGACY-CODE-8384,
LN-08270910-10065,FALSE,,TRUE,PENDING,2023-07-26,,0.84
LN-08270910-10066,TRUE,FALSE,,PENDING,2023-03-12,LEGACY-CODE-1739,
LN-08270910-10067,,TRUE,,PENDING,2023-09-08,,
LN-08270910-10068,,TRUE,TRUE,PENDING,2023-04-09,LEGACY-CODE-3769,
LN-08270910-10069,FALSE,FALSE,FALSE,PENDING,2023-01-02,,
LN-08270910-10070,TRUE,TRUE,TRUE,VERIFIED,2023-08-06,,
LN-08270910-10071,,FALSE,FALSE,PENDING,2023-03-10,,
LN-08270910-10072,TRUE,TRUE,TRUE,VERIFIED,2023-05-07,,
LN-08270910-10073,TRUE,TRUE,TRUE,VERIFIED,2023-03-04,,
LN-08270910-10074,,FALSE,,PENDING,2023-02-23,,
LN-08270910-10075,,FALSE,,PENDING,2023-10-03,,
LN-08270910-10076,TRUE,TRUE,TRUE,VERIFIED,2023-01-13,,
LN-08270910-10077,,,,PENDING,2023-11-28,,
LN-08270910-10078,TRUE,FALSE,TRUE,PENDING,2023-08-28,,
LN-08270910-10079,FALSE,,,PENDING,2023-02-19,,
LN-08270910-10080,,TRUE,,PENDING,2023-07-21,,
LN-08270910-10081,FALSE,TRUE,TRUE,PENDING,2023-01-12,,
LN-08270910-10082,,,TRUE,PENDING,2023-06-16,,0.54
LN-08270910-10083,TRUE,TRUE,TRUE,VERIFIED,2023-04-04,,0.89
LN-08270910-10084,TRUE,TRUE,TRUE,PENDING,2023-03-17,,
LN-08270910-10085,FALSE,TRUE,TRUE,PENDING,2023-10-12,,
LN-08270910-10086,FALSE,TRUE,TRUE,PENDING,2023-10-10,,
LN-08270910-10087,,,TRUE,PENDING,2023-01-22,,
LN-08270910-10088,FALSE,TRUE,,PENDING,2023-07-07,LEGACY-CODE-9522,
LN-08270910-10089,FALSE,,TRUE,PENDING,2023-09-02,,
LN-08270910-10090,,TRUE,FALSE,PENDING,2023-01-11,LEGACY-CODE-7477,
LN-08270910-10091,FALSE,,,PENDING,2023-01-25,LEGACY-CODE-7561,
LN-08270910-10092,FALSE,FALSE,,PENDING,2023-02-11,,
LN-08270910-10093,TRUE,TRUE,TRUE,VERIFIED,2023-07-22,,0.75
LN-08270910-10094,FALSE,,,PENDING,2023-05-07,LEGACY-CODE-6358,
LN-08270910-10095,FALSE,TRUE,,PENDING,2023-08-23,,
LN-08270910-10096,,FALSE,TRUE,PENDING,2023-11-01,LEGACY-CODE-7296,
LN-08270910-10097,FALSE,TRUE,FALSE,PENDING,2023-02-06,,
LN-08270910-10098,,,TRUE,PENDING,2023-10-04,,
LN-08270910-10099,TRUE,TRUE,TRUE,VERIFIED,2023-05-06,,0.59
LN-08270910-10100,,,,PENDING,2023-06-09,,
LN-08270910-10101,TRUE,,,PENDING,2023-06-20,LEGACY-CODE-2201,0.65
LN-08270910-10102,TRUE,,FALSE,PENDING,2023-08-13,LEGACY-CODE-1211,
LN-08270910-10103,,TRUE,,PENDING,2023-07-24,,
LN-08270910-10104,FALSE,FALSE,FALSE,PENDING,2023-05-09,,
LN-08270910-10105,FALSE,TRUE,FALSE,PENDING,2023-03-09,,
LN-08270910-10106,TRUE,TRUE,FALSE,PENDING,2023-08-25,,
LN-08270910-10107,TRUE,,FALSE,PENDING,2023-02-13,,0.54
LN-08270910-10108,TRUE,TRUE,TRUE,VERIFIED,2023-01-19,,
LN-08270910-10109,FALSE,FALSE,TRUE,PENDING,2023-02-02,,
LN-08270910-10110,FALSE,FALSE,,PENDING,2023-08-03,,
LN-08270910-10111,FALSE,FALSE,FALSE,MISSING,2023-11-16,LEGACY-CODE-1803,0.88
LN-08270910-10112,TRUE,FALSE,TRUE,PENDING,2023-01-09,,0.9
LN-08270910-10113,TRUE,TRUE,TRUE,VERIFIED,2023-08-17,,
LN-08270910-10114,FALSE,,TRUE,PENDING,2023-03-25,LEGACY-CODE-1275,
LN-08270910-10115,,,TRUE,PENDING,2024-13-45,LEGACY-CODE-8295,
LN-08270910-10116,TRUE,TRUE,FALSE,PENDING,2023-10-20,,
LN-08270910-10117,FALSE,FALSE,FALSE,PENDING,2023-09-05,,
LN-08270910-10118,,TRUE,TRUE,PENDING,2024-05-10,,0.7
LN-08270910-10119,TRUE,,TRUE,PENDING,2023-04-16,,
LN-08270910-10120,TRUE,TRUE,TRUE,VERIFIED,2023-08-11,,
LN-08270910-10121,FALSE,TRUE,FALSE,PENDING,2023-10-12,,
LN-08270910-10122,FALSE,FALSE,FALSE,MISSING,2023-05-20,LEGACY-CODE-6963,
LN-08270910-10123,FALSE,FALSE,FALSE,PENDING,2023-11-07,LEGACY-CODE-2138,
LN-08270910-10124,TRUE,FALSE,TRUE,PENDING,2023-07-23,,0.69
LN-08270910-10125,FALSE,FALSE,FALSE,MISSING,2023-10-09,,
LN-08270910-10126,FALSE,FALSE,FALSE,MISSING,2023-06-27,,0.68
LN-08270910-10127,,TRUE,,PENDING,2023-03-14,LEGACY-CODE-7083,
LN-08270910-10128,FALSE,,,PENDING,2023-06-19,,
LN-08270910-10129,FALSE,FALSE,FALSE,PENDING,2023-06-23,,
LN-08270910-10130,TRUE,TRUE,TRUE,VERIFIED,2023-09-09,,
LN-08270910-10131,TRUE,,,PENDING,2023-07-25,,0.56
LN-08270910-10132,FALSE,FALSE,TRUE,PENDING,2023-01-30,,
LN-08270910-10133,TRUE,,FALSE,PENDING,2023-04-28,,
LN-08270910-10134,FALSE,TRUE,FALSE,PENDING,2023-04-22,,0.62
LN-08270910-10135,TRUE,TRUE,TRUE,VERIFIED,2023-03-15,,
LN-08270910-10136,TRUE,FALSE,,PENDING,2023-05-05,,0.71
LN-08270910-10137,FALSE,TRUE,FALSE,PENDING,2023-07-19,,
LN-08270910-10138,TRUE,TRUE,FALSE,PENDING,2023-12-21,LEGACY-CODE-6470,0.56
LN-08270910-10139,,,,PENDING,2023-10-21,,
LN-08270910-10140,FALSE,TRUE,FALSE,PENDING,2023-02-14,,
LN-08270910-10141,TRUE,TRUE,TRUE,VERIFIED,2023-12-08,,0.74
LN-08270910-10142,TRUE,TRUE,TRUE,VERIFIED,2023-02-01,LEGACY-CODE-9619,
LN-08270910-10143,TRUE,TRUE,TRUE,VERIFIED,2023-09-20,,0.6
LN-08270910-10144,,FALSE,,PENDING,2023-11-14,,
LN-08270910-10145,FALSE,,FALSE,PENDING,2023-09-13,,
LN-08270910-10146,TRUE,,TRUE,PENDING,2023-08-29,,0.63
LN-08270910-10147,TRUE,FALSE,TRUE,PENDING,2023-11-23,,
LN-08270910-10148,TRUE,TRUE,TRUE,VERIFIED,2023-04-12,,0.93
LN-08270910-10149,FALSE,FALSE,FALSE,PENDING,2024.05.10,LEGACY-CODE-5364,0.8
LN-08270910-10150,,,TRUE,PENDING,2023-11-30,LEGACY-CODE-2412,
LN-08270910-10151,TRUE,,TRUE,PENDING,2023-07-02,,
LN-08270910-10152,FALSE,FALSE,,PENDING,2023-06-13,,
LN-08270910-10153,TRUE,TRUE,TRUE,VERIFIED,2023-11-05,,
LN-08270910-10154,FALSE,,,PENDING,2023-09-26,LEGACY-CODE-8997,
LN-08270910-10155,,,TRUE,PENDING,2023-06-20,LEGACY-CODE-1606,
LN-08270910-10157,TRUE,TRUE,TRUE,VERIFIED,2023-08-05,LEGACY-CODE-1580,
LN-08270910-10158,TRUE,,TRUE,PENDING,2023-11-12,,
LN-08270910-10159,TRUE,TRUE,TRUE,VERIFIED,2023-05-06,LEGACY-CODE-2520,
LN-08270910-10160,,FALSE,,PENDING,2023-05-18,,
LN-08270910-10161,TRUE,FALSE,TRUE,PENDING,2023-04-15,,
LN-08270910-10162,FALSE,,FALSE,PENDING,2023-08-22,,
LN-08270910-10163,,,,PENDING,2023-07-24,,
LN-08270910-10164,,,TRUE,PENDING,2023-06-16,,0.83
LN-08270910-10165,FALSE,,FALSE,PENDING,2023-11-18,,0.97
LN-08270910-10166,FALSE,,TRUE,PENDING,2023-08-02,LEGACY-CODE-5139,
LN-08270910-10167,TRUE,TRUE,TRUE,VERIFIED,2023-06-14,,
LN-08270910-10168,TRUE,TRUE,TRUE,VERIFIED,2023-12-10,,
LN-08270910-10169,FALSE,FALSE,FALSE,MISSING,2023-08-26,,
LN-08270910-10171,,TRUE,,PENDING,2024.05.10,,
LN-08270910-10172,,FALSE,TRUE,PENDING,2023-05-22,,
LN-08270910-10173,TRUE,TRUE,TRUE,VERIFIED,2023-06-15,,
LN-08270910-10174,TRUE,,TRUE,PENDING,2023-05-17,LEGACY-CODE-5324,
LN-08270910-10175,,,TRUE,PENDING,2023-01-26,,
LN-08270910-10176,TRUE,TRUE,TRUE,VERIFIED,2023-07-01,,
LN-08270910-10177,,,FALSE,PENDING,2023-12-24,,
LN-08270910-10082,,,FALSE,PENDING,2023-02-25,,
LN-08270910-10180,FALSE,TRUE,TRUE,PENDING,2023-03-25,,
LN-08270910-10181,TRUE,TRUE,TRUE,VERIFIED,2023-06-30,LEGACY-CODE-6841,0.86
LN-08270910-10182,FALSE,TRUE,,PENDING,2023-05-26,,0.56
LN-08270910-10183,,FALSE,FALSE,PENDING,2023-04-06,,
LN-08270910-10184,TRUE,FALSE,FALSE,PENDING,2023-09-17,,
LN-08270910-10185,TRUE,TRUE,TRUE,VERIFIED,2023-12-27,LEGACY-CODE-8645,
LN-08270910-10186,TRUE,TRUE,TRUE,VERIFIED,2023-01-13,LEGACY-CODE-9049,
LN-08270910-10187,TRUE,,FALSE,PENDING,2023-04-25,,
LN-08270910-10188,,FALSE,FALSE,PENDING,2023-09-11,,
LN-08270910-10189,,,TRUE,PENDING,2023-02-22,,
LN-08270910-10190,TRUE,,FALSE,PENDING,2023-07-14,,
LN-08270910-10190,TRUE,,FALSE,INCOMPLETE,2023-07-14,,
LN-08270910-10191,TRUE,,FALSE,PENDING,2023-03-28,,
LN-08270910-10192,,,TRUE,PENDING,2023-08-07,,
LN-08270910-10193,,,TRUE,PENDING,2023-01-11,,
LN-08270910-10194,FALSE,TRUE,FALSE,PENDING,2023-03-20,,0.9
LN-08270910-10195,TRUE,FALSE,,PENDING,2023-01-11,,
LN-08270910-10196,,TRUE,FALSE,PENDING,2023-11-14,,
LN-08270910-10197,,FALSE,FALSE,PENDING,2023-05-22,,0.86
LN-08270910-10198,TRUE,TRUE,TRUE,VERIFIED,2023-09-01,LEGACY-CODE-7396,
LN-08270910-10199,TRUE,TRUE,TRUE,VERIFIED,2023-07-08,LEGACY-CODE-4833,
LN-08270910-10200,TRUE,FALSE,TRUE,PENDING,2023-04-10,,
LN-08270910-10201,TRUE,TRUE,TRUE,VERIFIED,2023-04-28,,
LN-08270910-10202,FALSE,TRUE,TRUE,PENDING,2023-11-23,LEGACY-CODE-9918,
LN-08270910-10203,FALSE,,TRUE,PENDING,2023-02-27,,
LN-08270910-10204,FALSE,FALSE,,PENDING,2023-08-09,,0.96
LN-08270910-10205,TRUE,FALSE,TRUE,PENDING,2023-09-02,,
LN-08270910-10206,FALSE,TRUE,TRUE,PENDING,2023-07-22,,
LN-08270910-10207,FALSE,FALSE,TRUE,PENDING,2023-03-12,,
LN-08270910-10208,FALSE,,,PENDING,2023-09-17,,
LN-08270910-10208,FALSE,,,INCOMPLETE,2023-09-17,,
LN-08270910-10209,TRUE,,FALSE,PENDING,2023-05-10,,0.52
LN-08270910-10210,TRUE,,TRUE,PENDING,2023-06-27,,0.52
LN-08270910-10211,TRUE,TRUE,TRUE,VERIFIED,2023-05-19,,
LN-08270910-10212,,,TRUE,PENDING,2023-03-24,,
LN-08270910-10213,,FALSE,TRUE,PENDING,2023-10-07,,
LN-08270910-10214,TRUE,TRUE,TRUE,VERIFIED,2023-07-05,,
LN-08270910-10215,FALSE,TRUE,,PENDING,2023-06-03,,
LN-08270910-10216,,,,PENDING,2023-06-21,,0.92
LN-08270910-10217,TRUE,TRUE,TRUE,VERIFIED,2023-09-16,LEGACY-CODE-7878,
LN-08270910-10218,,FALSE,TRUE,PENDING,2023-08-24,LEGACY-CODE-5529,
LN-08270910-10219,FALSE,TRUE,FALSE,PENDING,2023-07-19,,
LN-08270910-10220,FALSE,FALSE,TRUE,PENDING,2023-06-12,,0.96
LN-08270910-10221,,TRUE,FALSE,PENDING,2023-11-25,,
LN-08270910-10222,TRUE,TRUE,TRUE,VERIFIED,2023-01-28,,
LN-08270910-10223,,FALSE,FALSE,PENDING,2023-06-08,LEGACY-CODE-3590,
LN-08270910-10224,FALSE,,FALSE,PENDING,2023-02-21,,
LN-08270910-10225,TRUE,TRUE,TRUE,VERIFIED,2023-09-15,LEGACY-CODE-6096,
LN-08270910-10226,,,TRUE,PENDING,2023-09-11,,
LN-08270910-10227,TRUE,,,PENDING,2023-10-26,LEGACY-CODE-8299,
LN-08270910-10228,,,TRUE,PENDING,2023-04-01,,
LN-08270910-10229,FALSE,,,PENDING,2023-06-22,LEGACY-CODE-8610,
LN-08270910-10230,FALSE,FALSE,FALSE,PENDING,2023-06-02,,
LN-08270910-10231,FALSE,,FALSE,PENDING,2023-04-06,,
LN-08270910-10232,FALSE,TRUE,TRUE,PENDING,2023-12-22,,
LN-08270910-10233,,FALSE,FALSE,PENDING,2023-02-26,LEGACY-CODE-6762,0.52
LN-08270910-10234,FALSE,FALSE,,PENDING,2023-08-15,,
LN-08270910-10235,,,FALSE,PENDING,2023-02-01,,
LN-08270910-10236,FALSE,TRUE,FALSE,PENDING,2023-05-06,LEGACY-CODE-1307,
LN-08270910-10237,,FALSE,,PENDING,2023-04-24,,
LN-08270910-10238,,TRUE,FALSE,PENDING,2023-06-30,,0.72
LN-08270910-10239,,FALSE,FALSE,PENDING,2023-02-13,,
LN-08270910-10240,TRUE,FALSE,,PENDING,2023-05-08,,0.64
LN-08270910-10241,TRUE,TRUE,TRUE,PENDING,2023-07-29,,
LN-08270910-10242,TRUE,,TRUE,PENDING,2023-04-13,,
LN-08270910-10243,FALSE,FALSE,FALSE,MISSING,2023-01-29,LEGACY-CODE-6638,
LN-08270910-10244,TRUE,TRUE,TRUE,VERIFIED,2023-01-03,LEGACY-CODE-3204,
LN-08270910-10244,TRUE,TRUE,TRUE,INCOMPLETE,2023-01-03,LEGACY-CODE-3204,
LN-08270910-10245,TRUE,TRUE,,PENDING,2024-13-45,,
LN-08270910-10246,TRUE,TRUE,TRUE,PENDING,2023-12-20,,
LN-08270910-10247,FALSE,TRUE,FALSE,PENDING,2023-05-29,,
LN-08270910-10249,FALSE,,TRUE,PENDING,2023-01-23,LEGACY-CODE-5956,
,TRUE,TRUE,TRUE,VERIFIED,2023-09-07,LEGACY-CODE-2231,
LN-08270910-10251,TRUE,TRUE,,PENDING,2023-10-17,LEGACY-CODE-5847,
LN-08270910-10252,FALSE,,FALSE,PENDING,15/01/2023,,
LN-08270910-10253,TRUE,TRUE,TRUE,VERIFIED,2023-10-11,,
LN-08270910-10254,FALSE,TRUE,TRUE,PENDING,2023-04-29,,0.7
LN-08270910-10255,,FALSE,TRUE,PENDING,2023-10-11,,
LN-08270910-10256,,TRUE,TRUE,PENDING,2023-12-20,,
LN-08270910-10257,,FALSE,TRUE,PENDING,2023-03-12,LEGACY-CODE-8559,0.65
LN-08270910-10258,TRUE,TRUE,TRUE,VERIFIED,2023-09-16,,0.75
LN-08270910-10259,FALSE,FALSE,,PENDING,2023-09-30,,
LN-08270910-10260,,,FALSE,PENDING,2023-06-29,,0.96
LN-08270910-10261,FALSE,,FALSE,PENDING,2023-02-16,LEGACY-CODE-3465,
LN-08270910-10262,,,FALSE,PENDING,2023-07-19,LEGACY-CODE-3128,
LN-08270910-10263,FALSE,TRUE,FALSE,PENDING,2023-04-02,LEGACY-CODE-9325,0.92
LN-08270910-10264,FALSE,,TRUE,PENDING,2023-10-10,,
LN-08270910-10265,FALSE,TRUE,,PENDING,2023-10-29,LEGACY-CODE-4244,
LN-08270910-10266,FALSE,FALSE,FALSE,PENDING,2023-06-24,,
LN-08270910-10267,TRUE,TRUE,TRUE,VERIFIED,2023-10-08,LEGACY-CODE-6986,
LN-08270910-10268,,TRUE,,PENDING,2023-01-14,,
LN-08270910-10269,FALSE,TRUE,,PENDING,2023-12-16,,
LN-08270910-10270,FALSE,TRUE,TRUE,PENDING,2023-02-23,LEGACY-CODE-1137,
LN-08270910-10271,,,TRUE,PENDING,2023-09-26,,
LN-08270910-10272,TRUE,TRUE,,PENDING,2023-09-06,,
LN-08270910-10273,TRUE,FALSE,TRUE,PENDING,2023-12-25,,
LN-08270910-10274,FALSE,TRUE,FALSE,PENDING,2023-11-18,,
LN-08270910-10275,,,,PENDING,2023-08-20,LEGACY-CODE-2341,
LN-08270910-10276,TRUE,TRUE,TRUE,VERIFIED,2023-02-06,,
LN-08270910-10277,TRUE,FALSE,FALSE,PENDING,2023-09-04,,
LN-08270910-10278,FALSE,FALSE,TRUE,PENDING,2023-03-25,LEGACY-CODE-2779,
LN-08270910-10279,TRUE,,,PENDING,2023-07-25,,0.62
LN-08270910-10280,TRUE,TRUE,TRUE,VERIFIED,2023-12-12,,
LN-08270910-10281,FALSE,,FALSE,PENDING,2023-02-07,,0.8
LN-08270910-10282,FALSE,,,PENDING,2023-01-23,,0.65
LN-08270910-10283,TRUE,TRUE,TRUE,VERIFIED,2023-01-31,,
LN-08270910-10283,TRUE,TRUE,TRUE,INCOMPLETE,2023-01-31,,
LN-08270910-10284,,TRUE,TRUE,PENDING,2023-12-04,,
LN-08270910-10285,FALSE,TRUE,,PENDING,2023-02-08,LEGACY-CODE-6624,
LN-08270910-10286,FALSE,FALSE,TRUE,PENDING,2023-11-23,,
LN-08270910-10288,,,TRUE,PENDING,15/01/2023,LEGACY-CODE-2440,
LN-08270910-10289,TRUE,TRUE,FALSE,PENDING,2023-04-01,,
LN-08270910-10290,FALSE,,FALSE,PENDING,2023-12-22,LEGACY-CODE-3925,
LN-08270910-10291,TRUE,TRUE,TRUE,VERIFIED,2023-11-27,,
LN-08270910-10292,,FALSE,FALSE,PENDING,2023-04-07,,
LN-08270910-10293,TRUE,TRUE,TRUE,VERIFIED,2023-05-11,,
LN-08270910-10294,TRUE,TRUE,TRUE,VERIFIED,2023-01-21,,
LN-08270910-10295,FALSE,,FALSE,PENDING,2023-02-01,LEGACY-CODE-4394,0.58
LN-08270910-10296,,,TRUE,PENDING,INVALID_DATE,,0.58
LN-08270910-10297,,FALSE,TRUE,PENDING,2023-10-09,LEGACY-CODE-4715,
LN-08270910-10298,TRUE,FALSE,,PENDING,2023-07-24,,
LN-08270910-10299,,FALSE,FALSE,PENDING,2023-02-04,,
LN-08270910-10300,TRUE,FALSE,TRUE,PENDING,2023-05-22,,
LN-08270910-10301,,TRUE,TRUE,PENDING,2023-06-20,,
LN-08270910-10302,,FALSE,,PENDING,2023-12-02,,
LN-08270910-10303,TRUE,TRUE,TRUE,VERIFIED,2023-03-17,,
LN-08270910-10304,,FALSE,,PENDING,2023-10-03,,0.83
LN-08270910-10305,,TRUE,TRUE,PENDING,2023-10-04,LEGACY-CODE-3851,
LN-08270910-10307,FALSE,,FALSE,PENDING,2023-07-21,,
LN-08270910-10308,,,,PENDING,2023-12-06,LEGACY-CODE-9292,0.63
LN-08270910-10309,TRUE,FALSE,TRUE,PENDING,2023-03-23,,
LN-08270910-10310,FALSE,,,PENDING,2023-02-03,,
LN-08270910-10311,TRUE,,FALSE,PENDING,2023-02-20,,
LN-08270910-10312,TRUE,,TRUE,PENDING,2023-05-26,LEGACY-CODE-5034,
LN-08270910-10313,,TRUE,FALSE,PENDING,2023-01-27,LEGACY-CODE-3288,
LN-08270910-10314,FALSE,TRUE,,PENDING,2023-02-18,,
LN-08270910-10315,TRUE,TRUE,TRUE,VERIFIED,2023-08-19,,
LN-08270910-10316,,TRUE,FALSE,PENDING,2023-12-04,,
LN-08270910-10317,FALSE,,TRUE,PENDING,2023-02-19,,0.52
LN-08270910-10318,,FALSE,,PENDING,2023-05-06,,
LN-08270910-10318,,FALSE,,INCOMPLETE,2023-05-06,,
LN-08270910-10319,FALSE,TRUE,TRUE,PENDING,2023-09-07,LEGACY-CODE-8940,0.59
LN-08270910-10320,FALSE,FALSE,,PENDING,2023-03-05,,
LN-08270910-10321,TRUE,FALSE,TRUE,PENDING,2023-04-22,,
LN-08270910-10322,TRUE,TRUE,TRUE,VERIFIED,2023-06-28,,0.73
LN-08270910-10323,FALSE,FALSE,TRUE,PENDING,2023-05-28,,
LN-08270910-10324,,TRUE,,PENDING,2023-11-26,,
LN-08270910-10325,TRUE,,FALSE,PENDING,2023-04-17,,
LN-08270910-10326,FALSE,TRUE,FALSE,PENDING,2023-01-27,,0.52
LN-08270910-10327,,FALSE,FALSE,PENDING,2023-06-01,,
LN-08270910-10328,TRUE,TRUE,TRUE,VERIFIED,2023-05-27,LEGACY-CODE-1150,
LN-08270910-10329,FALSE,,FALSE,PENDING,2023-12-19,,0.92
LN-08270910-10330,FALSE,FALSE,,PENDING,2023-05-28,,0.65
LN-08270910-10331,FALSE,FALSE,FALSE,MISSING,2023-12-02,,
LN-08270910-10332,TRUE,FALSE,FALSE,PENDING,2023-01-08,LEGACY-CODE-7603,
LN-08270910-10333,TRUE,TRUE,TRUE,VERIFIED,2023-05-23,LEGACY-CODE-9666,0.86
LN-08270910-10334,TRUE,TRUE,TRUE,VERIFIED,2023-08-20,,
LN-08270910-10335,,,TRUE,PENDING,2023-03-04,,
LN-08270910-10336,,,FALSE,PENDING,2023-01-10,,0.73
LN-08270910-10337,TRUE,TRUE,TRUE,VERIFIED,2023-09-03,,
LN-08270910-10338,,FALSE,FALSE,PENDING,2023-12-21,,
LN-08270910-10339,TRUE,FALSE,,PENDING,2023-01-25,,
LN-08270910-10340,,,FALSE,PENDING,2023-05-21,,
LN-08270910-10341,FALSE,FALSE,,PENDING,2023-10-04,,
LN-08270910-10342,FALSE,FALSE,FALSE,PENDING,2023-10-03,,
LN-08270910-10343,TRUE,,,PENDING,2023-05-10,,
LN-08270910-10344,FALSE,FALSE,TRUE,PENDING,2023-06-21,,
LN-08270910-10345,TRUE,TRUE,TRUE,VERIFIED,2023-11-11,,
LN-08270910-10346,TRUE,TRUE,TRUE,VERIFIED,2023-06-27,,
LN-08270910-10347,TRUE,TRUE,TRUE,VERIFIED,2023-04-26,,
LN-08270910-10348,,TRUE,TRUE,PENDING,2023-12-01,,
LN-08270910-10349,,FALSE,FALSE,PENDING,2023-02-08,LEGACY-CODE-9820,
LN-08270910-10350,FALSE,TRUE,FALSE,PENDING,2023-06-08,,
LN-08270910-10351,TRUE,TRUE,,PENDING,2023-07-30,,
LN-08270910-10352,TRUE,TRUE,TRUE,VERIFIED,2023-04-18,,
LN-08270910-10353,FALSE,FALSE,FALSE,PENDING,2023-11-28,,0.81
LN-08270910-10354,TRUE,FALSE,,PENDING,2023-05-19,,0.72
LN-08270910-10355,,FALSE,TRUE,PENDING,2023-08-21,LEGACY-CODE-1605,
LN-08270910-10356,FALSE,,TRUE,PENDING,2023-02-21,,
LN-08270910-10357,,TRUE,TRUE,PENDING,2023-06-27,,0.64
LN-08270910-10358,TRUE,TRUE,TRUE,VERIFIED,2023-11-01,,
LN-08270910-10359,,,,PENDING,2023-02-24,,
LN-08270910-10361,TRUE,TRUE,TRUE,VERIFIED,2023-01-02,,
LN-08270910-10362,,,FALSE,PENDING,2023-09-04,,
LN-08270910-10363,FALSE,TRUE,FALSE,PENDING,2023-04-05,,
LN-08270910-10364,TRUE,TRUE,TRUE,VERIFIED,2023-01-21,,
LN-08270910-10365,FALSE,FALSE,TRUE,PENDING,2023-05-21,,
LN-08270910-10366,FALSE,,,PENDING,2023-11-07,LEGACY-CODE-6591,
LN-08270910-10367,,FALSE,,PENDING,2023-04-24,,
LN-08270910-10368,TRUE,FALSE,FALSE,PENDING,2023-12-21,,
LN-08270910-10369,,FALSE,,PENDING,2023-01-07,,0.84
LN-08270910-10370,,FALSE,FALSE,PENDING,2023-07-11,,
LN-08270910-10371,,TRUE,FALSE,PENDING,2023-03-08,,0.79
LN-08270910-10372,,FALSE,FALSE,PENDING,2023-05-12,LEGACY-CODE-1492,
LN-08270910-10373,FALSE,FALSE,FALSE,MISSING,2023-11-13,,
LN-08270910-10374,FALSE,,FALSE,PENDING,2023-12-28,,
LN-08270910-10375,FALSE,TRUE,TRUE,PENDING,2023-03-29,,
LN-08270910-10376,,TRUE,TRUE,PENDING,2023-06-17,,
LN-08270910-10377,TRUE,TRUE,TRUE,VERIFIED,2023-01-26,,
LN-08270910-10378,FALSE,TRUE,TRUE,PENDING,2023-10-31,,
LN-08270910-10379,,FALSE,FALSE,PENDING,2023-08-03,,0.97
LN-08270910-10380,TRUE,TRUE,TRUE,PENDING,2023-09-01,,
LN-08270910-10381,,TRUE,FALSE,PENDING,2023-08-15,LEGACY-CODE-8732,
LN-08270910-10382,FALSE,FALSE,,PENDING,2023-03-14,,
LN-08270910-10383,,FALSE,,PENDING,2023-11-10,,
LN-08270910-10384,TRUE,FALSE,,PENDING,2023-02-07,,
LN-08270910-10385,,TRUE,FALSE,PENDING,2023-01-04,LEGACY-CODE-5278,
LN-08270910-10386,TRUE,,,PENDING,05-10-2024,LEGACY-CODE-1523,
LN-08270910-10387,FALSE,FALSE,,PENDING,2023-07-31,,
LN-08270910-10388,,TRUE,FALSE,PENDING,2023-07-14,,0.58
LN-08270910-10389,TRUE,,FALSE,PENDING,2023-12-05,LEGACY-CODE-5081,
LN-08270910-10390,,FALSE,TRUE,PENDING,2023-03-31,,
LN-08270910-10391,,TRUE,TRUE,PENDING,2023-09-09,,
LN-08270910-10392,,,TRUE,PENDING,2023-10-02,,
LN-08270910-10393,,TRUE,TRUE,PENDING,2023-05-03,,
LN-08270910-10394,,,TRUE,PENDING,2023-11-18,LEGACY-CODE-1296,0.67
LN-08270910-10395,,TRUE,TRUE,PENDING,2023-02-11,,
LN-08270910-10396,TRUE,FALSE,,PENDING,2023-01-04,LEGACY-CODE-4997,
LN-08270910-10397,TRUE,TRUE,FALSE,PENDING,2023-07-25,,
LN-08270910-10398,,TRUE,TRUE,PENDING,2023-11-28,,
LN-08270910-10399,,FALSE,,PENDING,2023-12-15,,0.92
LN-08270910-10400,TRUE,TRUE,TRUE,VERIFIED,2023-01-21,,
LN-08270910-10401,,TRUE,TRUE,PENDING,2023-08-15,,
LN-08270910-10402,TRUE,FALSE,,PENDING,2023-09-06,,
LN-08270910-10403,TRUE,TRUE,TRUE,VERIFIED,2023-04-21,,
LN-08270910-10404,,TRUE,FALSE,PENDING,2023-11-13,,0.69
LN-08270910-10405,FALSE,,TRUE,PENDING,2023-04-05,LEGACY-CODE-8258,
LN-08270910-10406,FALSE,,TRUE,PENDING,2023-05-23,,0.71
LN-08270910-10407,,,TRUE,PENDING,2023-08-31,,
LN-08270910-10408,TRUE,TRUE,TRUE,VERIFIED,2023-05-22,,0.59
LN-08270910-10409,TRUE,,FALSE,PENDING,2023-09-17,,
LN-08270910-10410,TRUE,,FALSE,PENDING,2023-04-23,,
LN-08270910-10411,TRUE,TRUE,TRUE,VERIFIED,2023-07-28,,
LN-08270910-10412,FALSE,FALSE,TRUE,PENDING,2023-09-01,,
LN-08270910-10413,TRUE,TRUE,TRUE,VERIFIED,2023-12-27,,0.63
LN-08270910-10414,,,,PENDING,2023-05-18,,0.61
LN-08270910-10415,TRUE,TRUE,FALSE,PENDING,2024-05-10,,
LN-08270910-10416,FALSE,,TRUE,PENDING,2023-05-15,,
LN-08270910-10417,,,FALSE,PENDING,2023-03-16,LEGACY-CODE-2511,0.8
LN-08270910-10418,FALSE,FALSE,TRUE,PENDING,2024.05.10,LEGACY-CODE-2546,
LN-08270910-10419,TRUE,TRUE,TRUE,VERIFIED,2023-06-17,,0.87
LN-08270910-10420,,FALSE,TRUE,PENDING,2023-04-24,,
LN-08270910-10421,,FALSE,FALSE,PENDING,2023-02-06,,
LN-08270910-10422,TRUE,FALSE,TRUE,PENDING,2023-07-19,,
LN-08270910-10423,FALSE,TRUE,TRUE,PENDING,2023-01-16,LEGACY-CODE-9896,0.64
LN-08270910-10424,,TRUE,TRUE,PENDING,2023-08-17,LEGACY-CODE-7190,
LN-08270910-10285,FALSE,TRUE,,PENDING,2023-05-31,,
LN-08270910-10426,TRUE,TRUE,,PENDING,2023-11-17,LEGACY-CODE-1449,
LN-08270910-10426,TRUE,TRUE,,INCOMPLETE,2023-11-17,LEGACY-CODE-1449,
LN-08270910-10427,TRUE,TRUE,TRUE,VERIFIED,2023-10-21,,
LN-08270910-10428,TRUE,TRUE,TRUE,VERIFIED,2023-11-13,,
LN-08270910-10429,TRUE,TRUE,TRUE,VERIFIED,2023-04-18,LEGACY-CODE-7011,
LN-08270910-10430,TRUE,TRUE,TRUE,VERIFIED,2023-04-10,,
LN-08270910-10431,,TRUE,TRUE,PENDING,2023-03-24,LEGACY-CODE-5312,
LN-08270910-10432,TRUE,FALSE,,PENDING,2023-12-08,,0.72
LN-08270910-10433,FALSE,FALSE,FALSE,PENDING,2023-05-14,,0.91
LN-08270910-10434,TRUE,TRUE,TRUE,VERIFIED,2023-04-27,LEGACY-CODE-2134,
LN-08270910-10435,FALSE,FALSE,FALSE,MISSING,2023-08-04,LEGACY-CODE-8030,
LN-08270910-10436,FALSE,TRUE,,PENDING,2023-06-01,,
LN-08270910-10437,FALSE,TRUE,,PENDING,2023-06-20,,
LN-08270910-10438,TRUE,TRUE,TRUE,VERIFIED,2023-08-31,,
LN-08270910-10439,TRUE,TRUE,TRUE,VERIFIED,2023-07-09,LEGACY-CODE-2605,0.73
LN-08270910-10440,FALSE,TRUE,FALSE,PENDING,2023-10-07,,
LN-08270910-10355,,FALSE,,PENDING,2023-03-05,,
LN-08270910-10442,TRUE,TRUE,TRUE,VERIFIED,2023-02-25,,
LN-08270910-10443,,TRUE,,PENDING,2023-08-17,,0.79
LN-08270910-10444,,FALSE,FALSE,PENDING,2023-12-19,,
LN-08270910-10446,TRUE,,,PENDING,2023-11-05,LEGACY-CODE-8375,0.78
LN-08270910-10447,TRUE,TRUE,FALSE,PENDING,2023-03-25,,
LN-08270910-10448,TRUE,,TRUE,PENDING,2023-12-06,,
LN-08270910-10449,,FALSE,FALSE,PENDING,2023-11-18,LEGACY-CODE-1083,
LN-08270910-10450,,TRUE,FALSE,PENDING,2023-02-06,,
LN-08270910-10451,,,,PENDING,2023-10-04,LEGACY-CODE-9635,
LN-08270910-10452,FALSE,FALSE,FALSE,MISSING,2023-07-10,,
LN-08270910-10453,FALSE,,,PENDING,2023-09-23,,
LN-08270910-10454,FALSE,TRUE,,PENDING,2023-07-10,,
LN-08270910-10455,TRUE,,FALSE,PENDING,2023-06-12,,
LN-08270910-10456,TRUE,TRUE,TRUE,VERIFIED,2023-04-18,,0.95
LN-08270910-10457,TRUE,,FALSE,PENDING,2024-13-45,,
LN-08270910-10458,TRUE,TRUE,,PENDING,2023-05-04,,
LN-08270910-10459,TRUE,FALSE,FALSE,PENDING,2023-10-18,,
LN-08270910-10461,TRUE,TRUE,TRUE,VERIFIED,2023-09-07,LEGACY-CODE-3201,0.89
LN-08270910-10462,TRUE,TRUE,TRUE,VERIFIED,2023-02-06,,
LN-08270910-10463,TRUE,TRUE,TRUE,VERIFIED,2023-04-02,LEGACY-CODE-3722,
LN-08270910-10464,TRUE,TRUE,TRUE,VERIFIED,2023-07-08,,0.5
LN-08270910-10465,,TRUE,FALSE,PENDING,2023-07-13,LEGACY-CODE-1989,
LN-08270910-10466,FALSE,FALSE,,PENDING,2023-10-29,,
LN-08270910-10467,,,TRUE,PENDING,2023-05-31,,
LN-08270910-10468,TRUE,TRUE,TRUE,VERIFIED,2023-09-19,LEGACY-CODE-6051,
LN-08270910-10469,TRUE,TRUE,TRUE,VERIFIED,2023-09-29,,0.61
LN-08270910-10470,,TRUE,TRUE,PENDING,2023-01-25,,
LN-08270910-10471,,,TRUE,PENDING,2023-09-22,,0.69
LN-08270910-10371,,TRUE,TRUE,PENDING,2023-05-15,LEGACY-CODE-8639,0.83
LN-08270910-10473,TRUE,TRUE,TRUE,VERIFIED,2023-02-16,,
LN-08270910-10474,FALSE,TRUE,FALSE,PENDING,2023-11-16,,
LN-08270910-10475,TRUE,TRUE,TRUE,PENDING,2023-02-13,,
LN-08270910-10476,FALSE,,FALSE,PENDING,2023-12-29,,
LN-08270910-10477,TRUE,TRUE,TRUE,VERIFIED,2023-06-19,,
LN-08270910-10478,,,,PENDING,2023-08-03,LEGACY-CODE-1965,
LN-08270910-10479,FALSE,TRUE,TRUE,PENDING,2023-04-07,,
LN-08270910-10480,FALSE,FALSE,FALSE,NULL,2023-08-22,,
LN-08270910-10481,FALSE,,TRUE,PENDING,2023-08-10,,
LN-08270910-10482,,TRUE,FALSE,PENDING,2023-07-05,,
LN-08270910-10483,FALSE,,FALSE,PENDING,2023-09-05,LEGACY-CODE-6716,
LN-08270910-10484,TRUE,FALSE,TRUE,PENDING,2023-12-03,,
LN-08270910-10485,TRUE,TRUE,TRUE,VERIFIED,2023-09-16,,
LN-08270910-10485,TRUE,TRUE,TRUE,INCOMPLETE,2023-09-16,,
LN-08270910-10486,TRUE,,TRUE,PENDING,2023-06-03,LEGACY-CODE-8406,
LN-08270910-10487,FALSE,,,PENDING,2023-04-26,LEGACY-CODE-9974,
LN-08270910-10488,TRUE,TRUE,TRUE,VERIFIED,2023-07-18,,
LN-08270910-10489,,TRUE,TRUE,PENDING,2023-10-18,LEGACY-CODE-7901,0.88
LN-08270910-10490,,FALSE,,PENDING,2023-03-23,,0.95
LN-08270910-10491,TRUE,FALSE,FALSE,PENDING,2023-01-07,,
LN-08270910-10492,,,,PENDING,2023-11-09,,
LN-08270910-10493,FALSE,TRUE,FALSE,PENDING,2023-02-15,,
LN-08270910-10494,,TRUE,FALSE,PENDING,2023-03-29,,0.51
LN-08270910-10495,TRUE,TRUE,,PENDING,2023-10-01,,
LN-08270910-10496,FALSE,FALSE,FALSE,MISSING,2023-06-02,,0.68
LN-08270910-10496,FALSE,FALSE,FALSE,INCOMPLETE,2023-06-02,,0.68
LN-08270910-10497,,,TRUE,PENDING,2023-10-16,,0.88
LN-08270910-10498,FALSE,FALSE,FALSE,PENDING,2023-01-22,,
LN-08270910-10499,FALSE,TRUE,FALSE,PENDING,2023-07-24,,
LN-08270910-10500,,TRUE,TRUE,PENDING,2023-05-26,,0.73
LN-08270910-10501,,TRUE,TRUE,PENDING,2023-10-12,,
LN-08270910-10502,,,FALSE,PENDING,2023-05-14,,
LN-08270910-10504,FALSE,FALSE,TRUE,PENDING,2023-09-18,LEGACY-CODE-6116,
LN-08270910-10505,TRUE,TRUE,FALSE,PENDING,2023-04-22,,0.95
LN-08270910-10506,FALSE,FALSE,FALSE,PENDING,2023-06-10,,0.72
LN-08270910-10507,TRUE,,,PENDING,2023-11-02,LEGACY-CODE-4579,
LN-08270910-10508,TRUE,TRUE,TRUE,VERIFIED,2023-11-17,,0.67
LN-08270910-10509,FALSE,FALSE,FALSE,PENDING,2023-11-05,,
LN-08270910-10510,TRUE,TRUE,TRUE,VERIFIED,2023-03-05,,
LN-08270910-10511,,TRUE,,PENDING,2023-11-16,LEGACY-CODE-2830,
LN-08270910-10512,FALSE,FALSE,FALSE,PENDING,2023-01-30,,
LN-08270910-10513,TRUE,TRUE,TRUE,VERIFIED,2023-03-26,LEGACY-CODE-8217,
LN-08270910-10514,TRUE,TRUE,TRUE,VERIFIED,2023-12-26,,
LN-08270910-10515,TRUE,,TRUE,PENDING,2023-08-03,,0.93
LN-08270910-10516,,TRUE,,PENDING,2023-02-23,,
LN-08270910-10517,TRUE,TRUE,TRUE,VERIFIED,2023-04-07,,
LN-08270910-10518,FALSE,FALSE,,PENDING,2023-05-21,,
LN-08270910-10519,FALSE,,TRUE,PENDING,2023-05-10,LEGACY-CODE-4864,
LN-08270910-10520,TRUE,TRUE,TRUE,PENDING,2023-02-01,,
LN-08270910-10521,,,TRUE,PENDING,2023-02-11,,
LN-08270910-10522,TRUE,FALSE,,PENDING,2023-05-27,,
LN-08270910-10523,,TRUE,FALSE,PENDING,2023-07-13,,
LN-08270910-10524,,FALSE,TRUE,PENDING,2024-05-10,,
LN-08270910-10525,,FALSE,FALSE,PENDING,2023-09-15,,
LN-08270910-10526,TRUE,,,PENDING,2023-06-27,,
LN-08270910-10527,FALSE,FALSE,FALSE,NULL,2023-12-06,LEGACY-CODE-5242,
LN-08270910-10528,TRUE,,TRUE,PENDING,2023-12-15,LEGACY-CODE-5964,0.9
LN-08270910-10529,,TRUE,,PENDING,2023-04-28,LEGACY-CODE-4976,
LN-08270910-10530,FALSE,,,PENDING,2023-03-21,,
LN-08270910-10531,,TRUE,FALSE,PENDING,2023-04-07,,
LN-08270910-10532,TRUE,,FALSE,PENDING,2023-05-23,,
LN-08270910-10533,,FALSE,,PENDING,2023-09-22,,
LN-08270910-10534,TRUE,TRUE,TRUE,VERIFIED,2023-06-04,,
LN-08270910-10535,,TRUE,FALSE,PENDING,2023-06-12,,
LN-08270910-10536,TRUE,TRUE,TRUE,VERIFIED,2023-02-13,,
LN-08270910-10537,FALSE,TRUE,FALSE,PENDING,2023-09-13,,
LN-08270910-10538,,FALSE,TRUE,PENDING,2023-05-18,,
LN-08270910-10539,,FALSE,,PENDING,2023-12-05,,
LN-08270910-10540,,,,PENDING,2023-09-12,,
LN-08270910-10541,TRUE,TRUE,TRUE,VERIFIED,2023-08-08,LEGACY-CODE-1574,0.98
LN-08270910-10542,FALSE,FALSE,FALSE,NULL,2023-12-28,,
LN-08270910-10543,TRUE,,FALSE,PENDING,2023-09-28,,
LN-08270910-10544,TRUE,TRUE,TRUE,VERIFIED,2023-01-23,,
LN-08270910-10545,,TRUE,TRUE,PENDING,2023-04-26,,
LN-08270910-10546,TRUE,,,PENDING,2023-07-27,,
LN-08270910-10547,TRUE,TRUE,,PENDING,2023-02-13,LEGACY-CODE-4373,
LN-08270910-10548,TRUE,TRUE,TRUE,PENDING,2023-08-02,LEGACY-CODE-4164,
LN-08270910-10549,TRUE,TRUE,TRUE,PENDING,2023-01-13,LEGACY-CODE-3328,
LN-08270910-10550,FALSE,FALSE,,PENDING,2023-07-09,,
LN-08270910-10551,TRUE,TRUE,TRUE,VERIFIED,2023-07-11,,
LN-08270910-10552,,,FALSE,PENDING,2023-12-07,,
LN-08270910-10553,TRUE,FALSE,FALSE,PENDING,2023-04-18,,
LN-08270910-10554,FALSE,TRUE,FALSE,PENDING,2023-03-26,,
LN-08270910-10556,TRUE,,FALSE,PENDING,2023-12-02,,0.62
LN-08270910-10557,FALSE,FALSE,TRUE,PENDING,2023-09-08,,
LN-08270910-10558,TRUE,TRUE,TRUE,VERIFIED,2023-04-13,LEGACY-CODE-9065,
LN-08270910-10559,FALSE,FALSE,TRUE,PENDING,2023-10-25,,0.88
LN-08270910-10560,,FALSE,,PENDING,2023-03-13,,
LN-08270910-10561,TRUE,TRUE,TRUE,PENDING,2023-10-04,,
LN-08270910-10562,FALSE,,TRUE,PENDING,2023-09-04,,
LN-08270910-10563,,FALSE,TRUE,PENDING,2023-03-26,,
LN-08270910-10564,TRUE,FALSE,,PENDING,2023-05-10,,
LN-08270910-10565,,TRUE,,PENDING,2023-02-05,,0.59
LN-08270910-10566,TRUE,,,PENDING,2023-04-28,LEGACY-CODE-2375,
LN-08270910-10567,FALSE,TRUE,FALSE,PENDING,2024-05-10,,0.55
LN-08270910-10568,,TRUE,,PENDING,2023-03-30,LEGACY-CODE-2511,
LN-08270910-10568,,TRUE,,INCOMPLETE,2023-03-30,LEGACY-CODE-2511,
LN-08270910-10569,TRUE,,TRUE,PENDING,2023-10-29,,
LN-08270910-10570,TRUE,FALSE,,PENDING,2023-10-06,,
LN-08270910-10571,,FALSE,TRUE,PENDING,2023-07-02,,
LN-08270910-10572,,,,PENDING,2023-12-20,,
LN-08270910-10573,,,TRUE,PENDING,2023-05-12,,0.72
LN-08270910-10574,,TRUE,FALSE,PENDING,2023-02-21,,
LN-08270910-10575,,FALSE,FALSE,PENDING,2023-10-04,,
LN-08270910-10576,TRUE,TRUE,TRUE,VERIFIED,2023-10-23,LEGACY-CODE-1799,
LN-08270910-10577,TRUE,FALSE,TRUE,PENDING,2023-09-15,,
LN-08270910-10578,TRUE,FALSE,,PENDING,2023-11-23,LEGACY-CODE-4151,
LN-08270910-10579,,FALSE,FALSE,PENDING,2023-11-11,,
LN-08270910-10580,TRUE,,FALSE,PENDING,2023-09-22,,
LN-08270910-10581,FALSE,,TRUE,PENDING,2023-04-17,LEGACY-CODE-3725,
LN-08270910-10350,FALSE,,,PENDING,2023-01-24,,
LN-08270910-10583,FALSE,TRUE,FALSE,PENDING,2023-07-21,,
LN-08270910-10584,FALSE,FALSE,TRUE,PENDING,2023-06-18,LEGACY-CODE-6275,
LN-08270910-10585,TRUE,FALSE,TRUE,PENDING,2023-08-03,,
LN-08270910-10586,,,FALSE,PENDING,2023-06-14,,
LN-08270910-10587,TRUE,TRUE,,PENDING,2023-05-04,LEGACY-CODE-1810,
LN-08270910-10588,TRUE,TRUE,FALSE,PENDING,2023-07-14,,
LN-08270910-10589,TRUE,TRUE,TRUE,VERIFIED,2023-08-03,,
LN-08270910-10590,TRUE,,,PENDING,2023-02-17,,
LN-08270910-10591,TRUE,,TRUE,PENDING,2023-02-02,,
LN-08270910-10592,FALSE,TRUE,,PENDING,2024-05-10,,
LN-08270910-10593,FALSE,FALSE,,PENDING,2023-05-12,,
LN-08270910-10594,FALSE,,,PENDING,2023-05-30,,
LN-08270910-10595,TRUE,,TRUE,PENDING,2023-09-29,,
LN-08270910-10596,,TRUE,,PENDING,2023-07-15,,
LN-08270910-10597,TRUE,TRUE,TRUE,VERIFIED,2023-10-30,,
LN-08270910-10598,TRUE,TRUE,TRUE,PENDING,INVALID_DATE,,
LN-08270910-10599,,,TRUE,PENDING,2023-06-24,,
LN-08270910-10600,,FALSE,TRUE,PENDING,2023-10-28,,0.92
LN-08270910-10601,,TRUE,TRUE,PENDING,2023-01-21,,0.91
LN-08270910-10602,TRUE,TRUE,TRUE,VERIFIED,2023-08-12,,0.63
LN-08270910-10603,TRUE,FALSE,,PENDING,2023-02-07,,
LN-08270910-10604,TRUE,TRUE,TRUE,VERIFIED,2023-06-20,,
LN-08270910-10605,,TRUE,TRUE,PENDING,2023-01-24,,
LN-08270910-10606,TRUE,TRUE,TRUE,VERIFIED,2023-04-02,,0.53
LN-08270910-10607,,FALSE,,PENDING,2023-10-11,LEGACY-CODE-8096,0.77
LN-08270910-10608,,TRUE,,PENDING,2023-07-25,,
LN-08270910-10609,,TRUE,TRUE,PENDING,2023-09-24,,
LN-08270910-10610,TRUE,,TRUE,PENDING,2023-02-20,,0.61
LN-08270910-10611,,,,PENDING,2023-12-27,,
LN-08270910-10612,TRUE,TRUE,TRUE,VERIFIED,2023-02-12,LEGACY-CODE-6285,0.89
LN-08270910-10613,,TRUE,,PENDING,2023-03-22,LEGACY-CODE-2585,
LN-08270910-10615,FALSE,FALSE,,PENDING,2023-08-01,LEGACY-CODE-7559,0.82
LN-08270910-10616,TRUE,TRUE,TRUE,VERIFIED,2023-10-17,,0.96
LN-08270910-10617,,FALSE,TRUE,PENDING,2023-05-18,,
LN-08270910-10618,TRUE,TRUE,,PENDING,2023-09-12,,
LN-08270910-10619,FALSE,FALSE,FALSE,MISSING,2023-10-19,,
LN-08270910-10620,FALSE,TRUE,TRUE,PENDING,2023-04-01,LEGACY-CODE-8891,
LN-08270910-10620,FALSE,TRUE,TRUE,INCOMPLETE,2023-04-01,LEGACY-CODE-8891,
LN-08270910-10621,TRUE,TRUE,,PENDING,2023-06-08,LEGACY-CODE-8340,
LN-08270910-10622,FALSE,,,PENDING,2023-04-11,,
LN-08270910-10623,TRUE,,FALSE,PENDING,2023-03-30,,
LN-08270910-10624,TRUE,TRUE,TRUE,VERIFIED,2023-02-04,LEGACY-CODE-2845,
LN-08270910-10625,TRUE,TRUE,TRUE,VERIFIED,2023-07-19,,
LN-08270910-10626,,,TRUE,PENDING,2023-07-18,,
LN-08270910-10627,FALSE,TRUE,FALSE,PENDING,2023-12-14,,
LN-08270910-10628,FALSE,,TRUE,PENDING,2023-02-11,,0.76
LN-08270910-10629,,FALSE,FALSE,PENDING,2023-08-02,LEGACY-CODE-3601,
LN-08270910-10630,TRUE,,,PENDING,2023-03-01,,
LN-08270910-10631,,TRUE,,PENDING,2023-06-23,,
LN-08270910-10632,,FALSE,,PENDING,2023-02-26,,0.61
LN-08270910-10633,FALSE,TRUE,,PENDING,2023-05-20,,
LN-08270910-10634,TRUE,TRUE,TRUE,VERIFIED,2023-07-30,,0.74
LN-08270910-10635,FALSE,,FALSE,PENDING,2023-07-18,,0.7
LN-08270910-10636,TRUE,FALSE,FALSE,PENDING,2023-06-02,,
LN-08270910-10637,FALSE,,TRUE,PENDING,2023-08-10,,
LN-08270910-10638,TRUE,,,PENDING,2023-08-02,,
LN-08270910-10639,TRUE,,FALSE,PENDING,2023-03-24,,
LN-08270910-10640,,TRUE,,PENDING,2023-05-13,,
LN-08270910-10641,TRUE,TRUE,TRUE,VERIFIED,2023-05-05,LEGACY-CODE-7172,
LN-08270910-10642,,FALSE,TRUE,PENDING,2023-10-19,,
LN-08270910-10643,TRUE,TRUE,TRUE,VERIFIED,2023-12-28,,
LN-08270910-10644,FALSE,FALSE,TRUE,PENDING,2023-04-28,,
LN-08270910-10645,FALSE,TRUE,FALSE,PENDING,2023-12-07,,
LN-08270910-10646,TRUE,FALSE,FALSE,PENDING,2023-02-09,,
LN-08270910-10647,,FALSE,FALSE,PENDING,2023-10-10,,
LN-08270910-10648,FALSE,FALSE,FALSE,PENDING,2023-01-26,,0.92
LN-08270910-10649,,FALSE,FALSE,PENDING,2023-10-06,,
LN-08270910-10650,,FALSE,FALSE,PENDING,2023-12-31,,0.86
LN-08270910-10651,,,FALSE,PENDING,2023-11-26,LEGACY-CODE-8881,
LN-08270910-10652,TRUE,TRUE,FALSE,PENDING,2023-10-01,,
LN-08270910-10653,TRUE,TRUE,,PENDING,2023-02-11,,0.59
LN-08270910-10654,,FALSE,FALSE,PENDING,2023-03-17,,0.87
LN-08270910-10655,TRUE,FALSE,TRUE,PENDING,2023-02-03,,
LN-08270910-10656,TRUE,FALSE,FALSE,PENDING,2023-07-05,,
LN-08270910-10657,TRUE,TRUE,TRUE,VERIFIED,2023-01-06,,
LN-08270910-10658,TRUE,FALSE,,PENDING,2023-06-20,,
LN-08270910-10659,,TRUE,FALSE,PENDING,2023-11-10,,
LN-08270910-10660,,FALSE,TRUE,PENDING,2023-01-01,,
LN-08270910-10661,,FALSE,,PENDING,2023-10-06,,
LN-08270910-10662,TRUE,,FALSE,PENDING,2024-05-10,,
LN-08270910-10663,FALSE,,,PENDING,2024-05-10,,
LN-08270910-10664,,,FALSE,PENDING,2023-07-05,LEGACY-CODE-5660,
LN-08270910-10269,FALSE,TRUE,,PENDING,2023-09-27,,
LN-08270910-10666,TRUE,,TRUE,PENDING,2023-04-22,,
LN-08270910-10667,,TRUE,FALSE,PENDING,2023-06-24,,
LN-08270910-10011,,TRUE,FALSE,PENDING,2023-01-19,,
LN-08270910-10669,,FALSE,TRUE,PENDING,2023-05-06,,
LN-08270910-10670,TRUE,TRUE,TRUE,VERIFIED,15/01/2023,LEGACY-CODE-7370,
LN-08270910-10671,TRUE,TRUE,FALSE,PENDING,2024-01-01,,
LN-08270910-10672,TRUE,TRUE,TRUE,VERIFIED,2023-10-13,LEGACY-CODE-2116,
LN-08270910-10673,TRUE,TRUE,TRUE,VERIFIED,2023-05-06,LEGACY-CODE-5347,
LN-08270910-10674,TRUE,,,PENDING,2023-08-12,,
LN-08270910-10675,,,FALSE,PENDING,2023-09-13,LEGACY-CODE-5227,
LN-08270910-10676,FALSE,TRUE,FALSE,PENDING,2023-07-03,,0.93
LN-08270910-10677,TRUE,FALSE,TRUE,PENDING,2023-09-07,LEGACY-CODE-2394,
LN-08270910-10678,FALSE,,FALSE,PENDING,2023-05-15,,
LN-08270910-10679,,,FALSE,PENDING,2023-10-21,,
LN-08270910-10680,FALSE,FALSE,FALSE,PENDING,2023-04-19,LEGACY-CODE-3898,
LN-08270910-10681,FALSE,TRUE,,PENDING,2023-04-04,,
LN-08270910-10682,TRUE,FALSE,FALSE,PENDING,2023-05-27,,0.97
LN-08270910-10682,TRUE,FALSE,FALSE,INCOMPLETE,2023-05-27,,0.97
LN-08270910-10683,TRUE,TRUE,TRUE,VERIFIED,2023-04-17,,
LN-08270910-10684,FALSE,FALSE,TRUE,PENDING,2023-04-02,,
LN-08270910-10685,TRUE,,FALSE,PENDING,2023-04-27,LEGACY-CODE-1238,
LN-08270910-10686,,,FALSE,PENDING,2023-09-21,,0.54
LN-08270910-10687,,,,PENDING,2023-08-19,,
LN-08270910-10688,FALSE,FALSE,,PENDING,2023-09-12,,
LN-08270910-10689,,FALSE,FALSE,PENDING,2023-04-13,,
LN-08270910-10690,TRUE,,TRUE,PENDING,2024-05-10,,
LN-08270910-10691,TRUE,,FALSE,PENDING,2023-01-08,,
LN-08270910-10692,FALSE,FALSE,,PENDING,2023-08-08,,0.98
LN-08270910-10693,FALSE,,,PENDING,2023-11-13,,
LN-08270910-10694,TRUE,TRUE,FALSE,PENDING,2023-05-23,LEGACY-CODE-1738,
LN-08270910-10695,FALSE,TRUE,TRUE,PENDING,2023-05-22,,
LN-08270910-10696,TRUE,FALSE,TRUE,PENDING,2023-09-03,,
LN-08270910-10697,FALSE,FALSE,FALSE,MISSING,2023-05-13,,0.8
LN-08270910-10697,FALSE,FALSE,FALSE,INCOMPLETE,2023-05-13,,0.8
LN-08270910-10698,TRUE,FALSE,FALSE,PENDING,2024-05-10,,
LN-08270910-10699,TRUE,FALSE,TRUE,PENDING,2023-08-08,,
LN-08270910-10700,FALSE,FALSE,TRUE,PENDING,2023-09-03,LEGACY-CODE-4151,
LN-08270910-10701,,,TRUE,PENDING,2023-09-05,,
LN-08270910-10702,FALSE,FALSE,TRUE,PENDING,2024-05-10,,
LN-08270910-10703,FALSE,,,PENDING,2023-06-06,,
LN-08270910-10704,TRUE,,FALSE,PENDING,2023-05-08,,
LN-08270910-10705,,FALSE,,PENDING,2023-12-21,,
LN-08270910-10706,,TRUE,TRUE,PENDING,2023-06-17,,
LN-08270910-10707,TRUE,FALSE,TRUE,PENDING,2023-05-07,LEGACY-CODE-1407,
LN-08270910-10708,,FALSE,TRUE,PENDING,2023-09-13,,
LN-08270910-10709,TRUE,TRUE,TRUE,VERIFIED,2023-10-17,,
LN-08270910-10710,TRUE,FALSE,,PENDING,2023-08-07,,
LN-08270910-10711,,,TRUE,PENDING,2023-03-15,LEGACY-CODE-9511,
LN-08270910-10712,FALSE,FALSE,FALSE,PENDING,2023-02-18,,
LN-08270910-10713,TRUE,TRUE,TRUE,PENDING,2023-04-17,LEGACY-CODE-8279,
LN-08270910-10714,TRUE,TRUE,TRUE,VERIFIED,2023-02-07,,0.86
LN-08270910-10715,FALSE,FALSE,,PENDING,2023-02-06,LEGACY-CODE-1645,
LN-08270910-10716,,TRUE,TRUE,PENDING,2023-05-24,,0.89
LN-08270910-10716,,TRUE,TRUE,INCOMPLETE,2023-05-24,,0.89
LN-08270910-10717,TRUE,FALSE,,PENDING,2023-05-08,,
LN-08270910-10718,TRUE,FALSE,TRUE,PENDING,2023-06-29,,
LN-08270910-10424,TRUE,TRUE,,PENDING,2023-07-19,,
LN-08270910-10720,TRUE,,FALSE,PENDING,2023-07-06,LEGACY-CODE-1605,
LN-08270910-10721,FALSE,FALSE,,PENDING,2023-07-06,LEGACY-CODE-1360,
LN-08270910-10722,TRUE,,FALSE,PENDING,2023-12-24,,
LN-08270910-10723,TRUE,TRUE,TRUE,VERIFIED,2023-12-31,,
LN-08270910-10724,TRUE,,TRUE,PENDING,2023-04-06,LEGACY-CODE-1592,
LN-08270910-10725,TRUE,TRUE,TRUE,VERIFIED,2023-02-04,,
LN-08270910-10726,,,,PENDING,2023-02-07,,
LN-08270910-10727,TRUE,,TRUE,PENDING,2023-07-17,,0.77
LN-08270910-10728,FALSE,FALSE,FALSE,PENDING,2023-05-10,,
LN-08270910-10729,,,,PENDING,2023-06-04,,
LN-08270910-10729,,,,INCOMPLETE,2023-06-04,,
LN-08270910-10730,FALSE,FALSE,TRUE,PENDING,2023-09-25,,
LN-08270910-10731,FALSE,TRUE,TRUE,PENDING,2023-07-14,,
LN-08270910-10732,,FALSE,,PENDING,2023-04-02,,0.9
LN-08270910-10733,FALSE,TRUE,FALSE,PENDING,2023-09-28,,
LN-08270910-10734,TRUE,FALSE,,PENDING,2023-06-02,,
LN-08270910-10735,,,FALSE,PENDING,2023-11-30,,
LN-08270910-10736,,FALSE,FALSE,PENDING,2023-06-03,,0.69
LN-08270910-10737,TRUE,FALSE,,PENDING,2023-06-07,,
LN-08270910-10738,FALSE,TRUE,FALSE,PENDING,2023-08-02,,
LN-08270910-10739,,,TRUE,PENDING,2023-11-16,,
LN-08270910-10740,,FALSE,,PENDING,2023-04-23,,0.83
LN-08270910-10741,FALSE,,TRUE,PENDING,2023-08-27,,
LN-08270910-10742,TRUE,TRUE,TRUE,VERIFIED,2023-02-01,,0.98
LN-08270910-10743,TRUE,TRUE,TRUE,VERIFIED,2023-07-10,,
LN-08270910-10744,FALSE,,TRUE,PENDING,2023-02-09,,
LN-08270910-10745,TRUE,,,PENDING,15/01/2023,,
LN-08270910-10746,TRUE,FALSE,,PENDING,2023-04-01,,
LN-08270910-10747,FALSE,TRUE,,PENDING,2023-05-27,,
LN-08270910-10749,TRUE,,FALSE,PENDING,2023-11-24,,
LN-08270910-10750,FALSE,FALSE,TRUE,PENDING,2023-06-16,,
LN-08270910-10750,FALSE,FALSE,TRUE,INCOMPLETE,2023-06-16,,
LN-08270910-10751,FALSE,FALSE,TRUE,PENDING,2023-05-15,,
LN-08270910-10752,FALSE,,TRUE,PENDING,2023-06-25,,0.86
LN-08270910-10510,TRUE,TRUE,TRUE,VERIFIED,2023-05-16,,
LN-08270910-10754,FALSE,FALSE,,PENDING,2023-05-12,,
LN-08270910-10755,TRUE,TRUE,TRUE,VERIFIED,2023-11-03,,
LN-08270910-10756,,,TRUE,PENDING,2023-12-16,,
LN-08270910-10757,,,FALSE,PENDING,2023-07-27,,0.86
LN-08270910-10758,FALSE,FALSE,,PENDING,2023-04-28,LEGACY-CODE-6691,
LN-08270910-10759,TRUE,,FALSE,PENDING,2023-03-24,,
LN-08270910-10760,,TRUE,FALSE,PENDING,2023-12-25,,
LN-08270910-10760,,TRUE,FALSE,INCOMPLETE,2023-12-25,,
LN-08270910-10761,,,FALSE,PENDING,2023-11-11,LEGACY-CODE-6932,
LN-08270910-10762,TRUE,,TRUE,PENDING,2023-10-11,,
LN-08270910-10763,,,TRUE,PENDING,2023-06-18,,
LN-08270910-10764,TRUE,FALSE,,PENDING,2023-01-20,,
LN-08270910-10765,,FALSE,FALSE,PENDING,2024-13-45,,
LN-08270910-10766,TRUE,,,PENDING,2023-11-06,,0.53
LN-08270910-10767,,FALSE,,PENDING,2023-02-02,LEGACY-CODE-2804,
LN-08270910-10768,TRUE,,FALSE,PENDING,2023-06-02,,
LN-08270910-10769,FALSE,FALSE,FALSE,NULL,2023-11-10,,
LN-08270910-10770,TRUE,TRUE,TRUE,VERIFIED,2023-06-18,,
LN-08270910-10771,TRUE,FALSE,,PENDING,2023-08-06,,
LN-08270910-10772,TRUE,TRUE,TRUE,VERIFIED,2023-11-14,,0.99
LN-08270910-10773,,TRUE,FALSE,PENDING,2023-12-03,,
LN-08270910-10774,FALSE,FALSE,FALSE,NULL,2023-07-11,,
LN-08270910-10775,TRUE,TRUE,TRUE,VERIFIED,2023-02-13,,0.52
LN-08270910-10776,,TRUE,FALSE,PENDING,2023-08-08,,
LN-08270910-10777,TRUE,TRUE,TRUE,VERIFIED,2023-07-08,,
LN-08270910-10778,,FALSE,,PENDING,2023-02-15,,
LN-08270910-10779,FALSE,FALSE,FALSE,PENDING,2023-02-18,,
LN-08270910-10780,TRUE,TRUE,TRUE,VERIFIED,2023-09-15,,
LN-08270910-10781,,FALSE,,PENDING,2023-08-20,,
LN-08270910-10782,FALSE,,TRUE,PENDING,2023-05-03,,
LN-08270910-10783,TRUE,,,PENDING,2023-01-11,,
LN-08270910-10222,FALSE,,FALSE,PENDING,2023-04-14,,
LN-08270910-10785,,TRUE,,PENDING,2023-01-03,,
LN-08270910-10786,TRUE,TRUE,TRUE,VERIFIED,2023-02-02,,0.89
LN-08270910-10787,,FALSE,TRUE,PENDING,2023-06-08,LEGACY-CODE-5166,
LN-08270910-10788,FALSE,TRUE,,PENDING,2023-07-17,,0.98
LN-08270910-10789,TRUE,,,PENDING,2023-06-19,,
LN-08270910-10790,,,FALSE,PENDING,2023-12-25,,0.94
LN-08270910-10791,TRUE,FALSE,FALSE,PENDING,2023-01-02,,
LN-08270910-10792,,FALSE,,PENDING,2023-02-09,LEGACY-CODE-4440,
LN-08270910-10793,FALSE,,FALSE,PENDING,2023-09-07,,
LN-08270910-10794,,TRUE,,PENDING,2023-07-27,,0.69
LN-08270910-10795,TRUE,FALSE,,PENDING,2023-05-29,,
LN-08270910-10796,TRUE,TRUE,TRUE,VERIFIED,2024.05.10,,
LN-08270910-10797,,,,PENDING,2023-01-28,,
LN-08270910-10798,FALSE,TRUE,TRUE,PENDING,2023-08-26,,
LN-08270910-10799,TRUE,TRUE,TRUE,VERIFIED,2023-03-14,,
LN-08270910-10800,FALSE,TRUE,FALSE,PENDING,2023-08-19,,
LN-08270910-10801,FALSE,,TRUE,PENDING,2024-05-10,,
LN-08270910-10802,FALSE,FALSE,,PENDING,2023-06-03,,
LN-08270910-10803,TRUE,TRUE,TRUE,VERIFIED,2023-07-05,,
LN-08270910-10804,TRUE,,FALSE,PENDING,2023-06-03,,0.61
LN-08270910-10805,FALSE,FALSE,FALSE,PENDING,2023-05-29,,
LN-08270910-10806,TRUE,TRUE,TRUE,PENDING,2023-08-20,,
LN-08270910-10807,TRUE,FALSE,FALSE,PENDING,2023-08-07,LEGACY-CODE-6138,
LN-08270910-10808,,FALSE,,PENDING,2023-08-26,LEGACY-CODE-3004,0.78
LN-08270910-10809,FALSE,TRUE,TRUE,PENDING,2023-05-17,,
LN-08270910-10810,TRUE,TRUE,TRUE,VERIFIED,2023-03-26,,
LN-08270910-10811,TRUE,TRUE,TRUE,VERIFIED,2023-02-26,,
LN-08270910-10812,,FALSE,FALSE,PENDING,2023-12-22,,
LN-08270910-10813,FALSE,TRUE,TRUE,PENDING,2023-10-28,,
LN-08270910-10814,FALSE,TRUE,TRUE,PENDING,2023-10-17,,
LN-08270910-10815,TRUE,,TRUE,PENDING,2023-11-17,,0.67
LN-08270910-10816,TRUE,,,PENDING,2023-09-02,,
LN-08270910-10817,TRUE,TRUE,TRUE,VERIFIED,2023-09-07,,
LN-08270910-10818,TRUE,,TRUE,PENDING,2023-04-10,,0.74
LN-08270910-10819,FALSE,FALSE,TRUE,PENDING,2023-02-27,,
LN-08270910-10820,TRUE,TRUE,TRUE,VERIFIED,2023-11-14,,
LN-08270910-10821,TRUE,FALSE,FALSE,PENDING,2023-10-07,LEGACY-CODE-8032,
LN-08270910-10822,TRUE,FALSE,FALSE,PENDING,2023-08-17,,0.72
LN-08270910-10498,,,,PENDING,2023-04-10,,
LN-08270910-10824,,,TRUE,PENDING,2023-01-02,LEGACY-CODE-2280,0.69
LN-08270910-10825,TRUE,FALSE,,PENDING,2023-03-22,,
LN-08270910-10826,TRUE,FALSE,,PENDING,2023-05-19,,
LN-08270910-10827,,FALSE,,PENDING,2023-03-21,LEGACY-CODE-1174,0.75
LN-08270910-10828,FALSE,FALSE,TRUE,PENDING,2023-07-04,LEGACY-CODE-5192,0.87
LN-08270910-10829,TRUE,TRUE,TRUE,VERIFIED,2023-02-25,,
LN-08270910-10830,FALSE,FALSE,,PENDING,2023-07-23,LEGACY-CODE-7600,
LN-08270910-10831,TRUE,TRUE,TRUE,VERIFIED,2023-07-03,,
LN-08270910-10832,FALSE,,TRUE,PENDING,05-10-2024,,
LN-08270910-10833,FALSE,FALSE,,PENDING,2023-02-27,LEGACY-CODE-9031,
LN-08270910-10372,FALSE,TRUE,FALSE,PENDING,2023-01-03,,
LN-08270910-10835,,,TRUE,PENDING,2023-01-12,,
LN-08270910-10836,,FALSE,,PENDING,2023-01-16,,
LN-08270910-10837,,TRUE,,PENDING,2023-12-06,,
LN-08270910-10838,TRUE,TRUE,TRUE,VERIFIED,2023-03-05,LEGACY-CODE-7561,
LN-08270910-10839,TRUE,,TRUE,PENDING,2023-07-21,LEGACY-CODE-6029,0.84
LN-08270910-10840,FALSE,,TRUE,PENDING,2024-05-10,,
LN-08270910-10841,TRUE,FALSE,FALSE,PENDING,2023-09-12,LEGACY-CODE-8391,
LN-08270910-10842,,FALSE,TRUE,PENDING,2023-04-25,,
LN-08270910-10843,FALSE,FALSE,FALSE,PENDING,2023-07-23,LEGACY-CODE-6049,0.71
LN-08270910-10844,TRUE,TRUE,TRUE,PENDING,2023-03-21,,
LN-08270910-10845,,,TRUE,PENDING,2023-12-11,,
LN-08270910-10846,,,FALSE,PENDING,2023-06-28,,
LN-08270910-10847,,TRUE,FALSE,PENDING,2024-05-10,LEGACY-CODE-6136,
LN-08270910-10848,TRUE,TRUE,TRUE,VERIFIED,2023-12-28,,
LN-08270910-10849,TRUE,TRUE,TRUE,PENDING,2023-08-09,,
LN-08270910-10850,TRUE,TRUE,,PENDING,2023-09-10,,
LN-08270910-10851,,TRUE,,PENDING,2023-09-04,,
LN-08270910-10852,FALSE,,,PENDING,2023-04-24,,
LN-08270910-10853,,FALSE,,PENDING,2023-04-25,LEGACY-CODE-5295,0.84
LN-08270910-10854,,TRUE,FALSE,PENDING,2023-03-01,,
LN-08270910-10855,,,TRUE,PENDING,2023-07-01,,
LN-08270910-10856,,FALSE,,PENDING,2023-05-28,,
LN-08270910-10857,,FALSE,FALSE,PENDING,2023-03-15,,
LN-08270910-10858,,FALSE,,PENDING,2023-04-20,,
LN-08270910-10859,TRUE,FALSE,FALSE,PENDING,2023-03-16,,0.88
LN-08270910-10860,TRUE,,FALSE,PENDING,2023-04-26,LEGACY-CODE-6622,
LN-08270910-10861,TRUE,FALSE,FALSE,PENDING,2023-12-07,,
LN-08270910-10862,,FALSE,FALSE,PENDING,2023-05-17,,
LN-08270910-10863,,TRUE,TRUE,PENDING,2023-12-22,,0.51
LN-08270910-10864,TRUE,TRUE,TRUE,VERIFIED,2023-05-30,,
LN-08270910-10864,TRUE,TRUE,TRUE,INCOMPLETE,2023-05-30,,
LN-08270910-10865,,FALSE,FALSE,PENDING,2023-05-21,,
LN-08270910-10866,TRUE,,,PENDING,2023-10-29,,0.96
LN-08270910-10867,TRUE,FALSE,TRUE,PENDING,2023-12-19,LEGACY-CODE-7637,
LN-08270910-10868,,,TRUE,PENDING,2023-06-18,,
LN-08270910-10869,TRUE,TRUE,TRUE,VERIFIED,2023-01-04,,
LN-08270910-10870,,FALSE,TRUE,PENDING,2023-09-16,,
LN-08270910-10871,,TRUE,TRUE,PENDING,2023-04-21,,0.82
LN-08270910-10872,TRUE,TRUE,TRUE,VERIFIED,2023-10-02,,
LN-08270910-10873,FALSE,FALSE,,PENDING,2023-02-27,,
LN-08270910-10874,TRUE,,,PENDING,2023-11-22,,
LN-08270910-10875,FALSE,FALSE,,PENDING,2023-02-27,,
LN-08270910-10876,TRUE,FALSE,,PENDING,15/01/2023,LEGACY-CODE-9703,
LN-08270910-10877,FALSE,FALSE,TRUE,PENDING,2023-01-30,,
LN-08270910-10878,FALSE,FALSE,,PENDING,2023-02-07,,
LN-08270910-10879,,FALSE,FALSE,PENDING,2023-12-21,,
LN-08270910-10880,FALSE,TRUE,FALSE,PENDING,2023-03-30,,0.78
LN-08270910-10881,,TRUE,TRUE,PENDING,2023-04-23,,
LN-08270910-10882,FALSE,,FALSE,PENDING,2023-12-03,,
LN-08270910-10883,,TRUE,FALSE,PENDING,2023-11-21,LEGACY-CODE-9144,
LN-08270910-10884,FALSE,,FALSE,PENDING,2023-11-20,,
LN-08270910-10886,TRUE,TRUE,FALSE,PENDING,2023-06-27,,
LN-08270910-10887,,FALSE,TRUE,PENDING,2023-09-07,,
LN-08270910-10888,TRUE,TRUE,TRUE,VERIFIED,2023-06-16,,
LN-08270910-10889,TRUE,TRUE,FALSE,PENDING,2023-07-28,,
LN-08270910-10890,FALSE,FALSE,,PENDING,2023-01-30,,0.8
LN-08270910-10891,FALSE,TRUE,FALSE,PENDING,2023-11-01,,
LN-08270910-10892,TRUE,,FALSE,PENDING,2023-01-23,LEGACY-CODE-6235,
LN-08270910-10893,FALSE,FALSE,FALSE,MISSING,2023-08-17,,
LN-08270910-10894,FALSE,FALSE,FALSE,NULL,2023-08-31,,
LN-08270910-10895,TRUE,TRUE,TRUE,VERIFIED,2023-02-15,,0.61
LN-08270910-10896,TRUE,,,PENDING,2023-02-12,,
LN-08270910-10897,TRUE,TRUE,TRUE,VERIFIED,2023-12-20,,
LN-08270910-10898,FALSE,TRUE,,PENDING,2023-10-09,LEGACY-CODE-8116,
LN-08270910-10899,TRUE,TRUE,TRUE,VERIFIED,2023-11-26,,
LN-08270910-10900,TRUE,TRUE,TRUE,VERIFIED,2023-07-04,,0.92
LN-08270910-10901,FALSE,TRUE,TRUE,PENDING,2023-01-06,,
LN-08270910-10902,TRUE,FALSE,TRUE,PENDING,2023-02-08,LEGACY-CODE-7736,
LN-08270910-10903,TRUE,TRUE,TRUE,VERIFIED,2023-04-02,,
LN-08270910-10904,TRUE,TRUE,,PENDING,2024-05-10,,
LN-08270910-10905,,,,PENDING,2023-03-04,,
LN-08270910-10906,TRUE,TRUE,TRUE,VERIFIED,2024-01-01,,
LN-08270910-10907,FALSE,FALSE,TRUE,PENDING,2023-12-03,,
LN-08270910-10908,TRUE,TRUE,TRUE,VERIFIED,2023-06-08,,0.84
LN-08270910-10909,TRUE,,,PENDING,2023-07-17,,
LN-08270910-10910,TRUE,TRUE,TRUE,VERIFIED,2023-03-01,,0.73
LN-08270910-10911,FALSE,TRUE,FALSE,PENDING,2023-05-05,,
LN-08270910-10912,FALSE,,FALSE,PENDING,2023-10-11,,
LN-08270910-10913,TRUE,,TRUE,PENDING,2023-12-24,LEGACY-CODE-9543,
LN-08270910-10914,,FALSE,FALSE,PENDING,2023-06-12,LEGACY-CODE-8229,0.74
LN-08270910-10916,,FALSE,,PENDING,2024-01-01,,
LN-08270910-10917,FALSE,,TRUE,PENDING,2023-02-27,,0.66
LN-08270910-10918,,TRUE,,PENDING,2024-05-10,,
LN-08270910-10919,,FALSE,TRUE,PENDING,2023-07-06,,
LN-08270910-10920,TRUE,,,PENDING,2023-12-21,,
LN-08270910-10921,,TRUE,FALSE,PENDING,2023-07-02,LEGACY-CODE-9239,
LN-08270910-10922,FALSE,FALSE,FALSE,PENDING,2023-07-18,LEGACY-CODE-8526,
LN-08270910-10923,TRUE,TRUE,TRUE,PENDING,2023-04-15,,
LN-08270910-10924,FALSE,TRUE,,PENDING,2023-01-22,,0.8
LN-08270910-10925,TRUE,TRUE,TRUE,VERIFIED,2023-11-22,,
LN-08270910-10926,TRUE,TRUE,FALSE,PENDING,2023-07-22,,
LN-08270910-10927,TRUE,TRUE,TRUE,PENDING,2023-07-25,LEGACY-CODE-5400,
LN-08270910-10928,TRUE,FALSE,,PENDING,2023-11-30,,
LN-08270910-10929,FALSE,FALSE,,PENDING,2023-03-29,,
LN-08270910-10930,TRUE,TRUE,TRUE,VERIFIED,2023-09-30,,
LN-08270910-10931,,TRUE,,PENDING,2023-02-27,,
LN-08270910-10932,FALSE,TRUE,,PENDING,2024.05.10,,
LN-08270910-10933,TRUE,TRUE,TRUE,PENDING,2023-11-30,,
,TRUE,TRUE,TRUE,VERIFIED,2023-10-28,,
LN-08270910-10935,FALSE,FALSE,TRUE,PENDING,2023-11-09,,
LN-08270910-10936,,TRUE,TRUE,PENDING,2023-10-04,,
LN-08270910-10937,TRUE,,FALSE,PENDING,2023-01-17,,0.89
LN-08270910-10938,TRUE,,TRUE,PENDING,2023-03-10,,
LN-08270910-10025,TRUE,,,PENDING,2023-12-21,,0.98
LN-08270910-10940,TRUE,TRUE,TRUE,PENDING,2023-07-27,LEGACY-CODE-2046,
LN-08270910-10941,TRUE,FALSE,TRUE,PENDING,2023-09-29,,
LN-08270910-10942,,TRUE,,PENDING,2023-12-06,LEGACY-CODE-6218,
LN-08270910-10943,TRUE,FALSE,TRUE,PENDING,2023-10-05,,
LN-08270910-10944,,,,PENDING,2023-11-16,,
LN-08270910-10945,FALSE,TRUE,TRUE,PENDING,2023-07-17,,0.53
LN-08270910-10946,TRUE,FALSE,,PENDING,2023-09-27,,
LN-08270910-10947,FALSE,FALSE,FALSE,MISSING,2023-01-12,,
LN-08270910-10948,FALSE,,TRUE,PENDING,2023-10-05,,
LN-08270910-10949,FALSE,FALSE,TRUE,PENDING,2023-06-22,,0.91
LN-08270910-10950,TRUE,TRUE,TRUE,VERIFIED,2023-01-22,LEGACY-CODE-5139,
LN-08270910-10951,FALSE,FALSE,TRUE,PENDING,2023-06-22,,0.97
LN-08270910-10952,FALSE,,TRUE,PENDING,2023-12-18,,
LN-08270910-10953,TRUE,,,PENDING,2023-02-05,,0.85
LN-08270910-10954,TRUE,TRUE,,PENDING,2023-09-29,,
LN-08270910-10955,TRUE,TRUE,TRUE,VERIFIED,2023-12-28,LEGACY-CODE-4151,0.56
LN-08270910-10955,TRUE,TRUE,TRUE,INCOMPLETE,2023-12-28,LEGACY-CODE-4151,0.56
LN-08270910-10956,,,,PENDING,2023-01-14,,
LN-08270910-10957,TRUE,,TRUE,PENDING,2023-09-18,,
LN-08270910-10958,FALSE,FALSE,,PENDING,2023-01-13,LEGACY-CODE-2035,
LN-08270910-10959,FALSE,FALSE,,PENDING,2023-05-12,,
LN-08270910-10960,TRUE,TRUE,TRUE,VERIFIED,2024-05-10,,
LN-08270910-10961,TRUE,,TRUE,PENDING,2023-01-31,,
LN-08270910-10962,,,FALSE,PENDING,2023-11-24,LEGACY-CODE-1670,0.79
LN-08270910-10963,,TRUE,TRUE,PENDING,2023-01-05,LEGACY-CODE-9361,
LN-08270910-10964,,,,PENDING,2023-08-10,,
LN-08270910-10965,FALSE,FALSE,TRUE,PENDING,2023-10-29,,
LN-08270910-10966,FALSE,TRUE,,PENDING,2023-09-22,,
LN-08270910-10967,FALSE,FALSE,TRUE,PENDING,2023-03-20,,
LN-08270910-10968,TRUE,TRUE,TRUE,VERIFIED,2023-03-28,,
LN-08270910-10969,,,TRUE,PENDING,2023-07-12,,
LN-08270910-10970,TRUE,FALSE,TRUE,PENDING,2023-01-19,LEGACY-CODE-1870,
LN-08270910-10971,TRUE,TRUE,TRUE,VERIFIED,2023-08-22,,
LN-08270910-10972,FALSE,,,PENDING,2023-01-14,,
LN-08270910-10973,,,TRUE,PENDING,2023-11-14,,
LN-08270910-10974,TRUE,TRUE,,PENDING,2023-01-07,,
LN-08270910-10975,,,FALSE,PENDING,2023-10-21,,0.64
LN-08270910-10976,FALSE,,TRUE,PENDING,2023-09-06,,
LN-08270910-10977,FALSE,TRUE,,PENDING,2023-07-14,LEGACY-CODE-8414,0.81
LN-08270910-10978,FALSE,FALSE,,PENDING,2024-05-10,,
LN-08270910-10979,,FALSE,,PENDING,2023-05-25,,
LN-08270910-10980,TRUE,TRUE,FALSE,PENDING,2023-03-06,,0.66
LN-08270910-10981,,TRUE,TRUE,PENDING,2023-12-02,,
LN-08270910-10982,,FALSE,TRUE,PENDING,2023-10-12,,
LN-08270910-10983,,,,PENDING,2023-11-19,,
LN-08270910-10984,FALSE,TRUE,FALSE,PENDING,2023-07-30,,
LN-08270910-10985,FALSE,,TRUE,PENDING,2023-03-13,,
LN-08270910-10986,TRUE,TRUE,TRUE,PENDING,2023-01-15,,
LN-08270910-10987,FALSE,TRUE,,PENDING,2023-07-03,,
LN-08270910-10988,TRUE,TRUE,TRUE,VERIFIED,2023-08-09,,
LN-08270910-10989,TRUE,,,PENDING,15/01/2023,,
LN-08270910-10990,,FALSE,TRUE,PENDING,2023-05-21,,
LN-08270910-10991,FALSE,FALSE,TRUE,PENDING,2023-11-27,,0.93
LN-08270910-10992,TRUE,TRUE,,PENDING,2023-05-12,,
LN-08270910-10993,,FALSE,,PENDING,2023-05-03,,0.62
LN-08270910-10994,FALSE,,TRUE,PENDING,2023-06-18,LEGACY-CODE-1667,0.9
LN-08270910-10996,TRUE,,FALSE,PENDING,2023-03-19,,
LN-08270910-10997,,,FALSE,PENDING,2023-04-16,LEGACY-CODE-1034,
LN-08270910-10998,TRUE,FALSE,TRUE,PENDING,2023-11-10,,
LN-08270910-10999,,FALSE,,PENDING,2023-01-12,,
LN-08270910-11000,,TRUE,,PENDING,2023-01-20,,
LN-08270910-11001,,FALSE,FALSE,PENDING,2023-05-30,LEGACY-CODE-7093,0.61
LN-08270910-11002,TRUE,FALSE,,PENDING,2023-11-12,,0.88
LN-08270910-11003,TRUE,TRUE,TRUE,PENDING,2023-11-03,,
LN-08270910-11004,TRUE,FALSE,,PENDING,2023-09-23,LEGACY-CODE-6731,
LN-08270910-11005,,,FALSE,PENDING,2023-05-06,,
LN-08270910-10411,,TRUE,TRUE,PENDING,2023-05-26,LEGACY-CODE-8532,
LN-08270910-11007,,FALSE,TRUE,PENDING,2023-05-23,LEGACY-CODE-3526,
LN-08270910-11008,TRUE,,,PENDING,2023-07-13,,
LN-08270910-11009,TRUE,FALSE,,PENDING,2023-04-01,LEGACY-CODE-4002,
LN-08270910-11010,FALSE,FALSE,TRUE,PENDING,2023-05-17,LEGACY-CODE-4187,
LN-08270910-11011,,,FALSE,PENDING,2023-04-05,,0.69
LN-08270910-11012,,TRUE,,PENDING,2023-02-02,,
LN-08270910-11013,,FALSE,FALSE,PENDING,2023-08-27,,
LN-08270910-11014,FALSE,,FALSE,PENDING,2023-07-14,,
LN-08270910-11015,TRUE,TRUE,TRUE,VERIFIED,2023-11-29,,
LN-08270910-11016,TRUE,TRUE,,PENDING,2023-03-11,,
LN-08270910-11017,TRUE,TRUE,TRUE,VERIFIED,2023-09-08,,
LN-08270910-11017,TRUE,TRUE,TRUE,INCOMPLETE,2023-09-08,,
LN-08270910-11018,TRUE,TRUE,FALSE,PENDING,2023-10-21,LEGACY-CODE-6503,0.84
LN-08270910-11019,TRUE,FALSE,,PENDING,2023-08-19,,
LN-08270910-11020,TRUE,TRUE,TRUE,VERIFIED,2023-07-14,LEGACY-CODE-2948,
LN-08270910-11021,FALSE,TRUE,TRUE,PENDING,2023-04-28,,
LN-08270910-11022,TRUE,FALSE,,PENDING,2023-03-19,,0.89
LN-08270910-11023,FALSE,,FALSE,PENDING,2023-03-18,,
LN-08270910-11024,FALSE,FALSE,FALSE,MISSING,2023-01-04,,
LN-08270910-11025,TRUE,TRUE,TRUE,VERIFIED,2023-01-23,,0.86
LN-08270910-11026,,TRUE,,PENDING,2023-02-13,LEGACY-CODE-3702,
LN-08270910-11027,TRUE,FALSE,,PENDING,15/01/2023,LEGACY-CODE-3812,0.71
LN-08270910-11028,TRUE,,,PENDING,2023-05-03,,
LN-08270910-11029,,,,PENDING,2023-11-18,,
LN-08270910-11030,TRUE,FALSE,,PENDING,2023-10-03,,
LN-08270910-11031,TRUE,TRUE,TRUE,VERIFIED,2024-05-10,,
LN-08270910-11032,FALSE,FALSE,FALSE,PENDING,2023-08-15,LEGACY-CODE-8807,
LN-08270910-10133,TRUE,TRUE,FALSE,PENDING,2023-09-21,,0.86
LN-08270910-11034,FALSE,,TRUE,PENDING,2023-01-10,,0.54
LN-08270910-10893,TRUE,,FALSE,PENDING,2023-10-13,LEGACY-CODE-3409,0.85
LN-08270910-11037,TRUE,,FALSE,PENDING,2023-06-05,,0.87
LN-08270910-11038,TRUE,TRUE,TRUE,VERIFIED,2023-08-17,,
LN-08270910-11039,FALSE,,FALSE,PENDING,2023-01-21,,
LN-08270910-11040,FALSE,TRUE,FALSE,PENDING,2023-05-01,,
LN-08270910-11041,,TRUE,TRUE,PENDING,2023-09-21,,
LN-08270910-11042,TRUE,TRUE,,PENDING,2023-06-03,LEGACY-CODE-7370,
LN-08270910-11043,TRUE,FALSE,,PENDING,2023-09-18,LEGACY-CODE-8810,
LN-08270910-11044,,FALSE,FALSE,PENDING,2023-12-18,,
LN-08270910-11045,,FALSE,TRUE,PENDING,2023-02-19,,
LN-08270910-11046,,FALSE,FALSE,PENDING,2023-05-26,,0.59
LN-08270910-11047,TRUE,TRUE,TRUE,VERIFIED,2023-01-10,LEGACY-CODE-3578,
LN-08270910-11048,FALSE,FALSE,FALSE,MISSING,2023-09-04,LEGACY-CODE-7368,
LN-08270910-11049,FALSE,FALSE,FALSE,PENDING,2023-05-27,,
LN-08270910-11050,TRUE,TRUE,TRUE,VERIFIED,2024-05-10,,
LN-08270910-11051,,FALSE,FALSE,PENDING,2023-08-27,,
LN-08270910-11052,TRUE,,,PENDING,2023-04-09,,
LN-08270910-11053,TRUE,TRUE,TRUE,PENDING,2023-11-06,,
LN-08270910-11054,,FALSE,FALSE,PENDING,2023-07-24,,0.78
LN-08270910-11055,FALSE,,,PENDING,2023-10-05,,
LN-08270910-11056,,TRUE,TRUE,PENDING,2023-08-04,LEGACY-CODE-6067,0.96
LN-08270910-11057,TRUE,,TRUE,PENDING,2023-08-07,,
LN-08270910-11058,FALSE,FALSE,,PENDING,2023-08-20,,0.77
LN-ORPHAN-888,FALSE,,FALSE,PENDING,2023-04-02,,
LN-08270910-11060,,TRUE,TRUE,PENDING,2023-03-13,,
LN-08270910-11061,TRUE,,FALSE,PENDING,2023-04-04,,0.96
LN-08270910-11062,FALSE,FALSE,FALSE,MISSING,2023-01-25,,
LN-08270910-11063,FALSE,FALSE,TRUE,PENDING,2023-05-28,,
LN-08270910-11064,,,,PENDING,2023-12-18,,
LN-08270910-11065,FALSE,TRUE,FALSE,PENDING,2023-11-24,,
LN-08270910-11066,,TRUE,TRUE,PENDING,2023-04-11,,
LN-08270910-11067,FALSE,FALSE,FALSE,MISSING,2023-03-05,,
LN-08270910-11068,FALSE,FALSE,TRUE,PENDING,2023-06-25,,
LN-08270910-11069,,,,PENDING,2023-04-07,,0.57
LN-08270910-11070,TRUE,FALSE,FALSE,PENDING,2023-03-03,,
LN-08270910-11071,,FALSE,FALSE,PENDING,2023-09-08,,
LN-08270910-11072,TRUE,TRUE,TRUE,VERIFIED,2023-06-01,,
LN-08270910-11073,TRUE,,TRUE,PENDING,2023-06-20,,0.76
LN-08270910-11074,,TRUE,,PENDING,2023-06-02,,
LN-08270910-11075,TRUE,,,PENDING,2023-11-06,,
LN-08270910-11076,FALSE,FALSE,FALSE,PENDING,2023-11-03,LEGACY-CODE-2014,
LN-08270910-11077,,,,PENDING,2023-10-22,,0.52
LN-08270910-11078,TRUE,TRUE,TRUE,VERIFIED,2023-06-07,,
LN-08270910-11079,FALSE,,FALSE,PENDING,2023-05-29,,
LN-08270910-11080,,,TRUE,PENDING,2023-03-20,,
LN-08270910-11081,FALSE,TRUE,FALSE,PENDING,2023-07-31,,0.67
LN-08270910-11082,,,FALSE,PENDING,2023-06-30,,0.89
LN-08270910-11083,,,,PENDING,2023-02-09,LEGACY-CODE-2593,
LN-08270910-11084,FALSE,FALSE,TRUE,PENDING,2023-12-28,,
LN-08270910-11085,TRUE,TRUE,TRUE,VERIFIED,05-10-2024,,
LN-08270910-11086,TRUE,TRUE,TRUE,PENDING,2023-01-17,LEGACY-CODE-3645,0.7
LN-08270910-11087,TRUE,FALSE,TRUE,PENDING,2023-07-30,,
LN-08270910-11088,TRUE,TRUE,TRUE,VERIFIED,2023-11-16,,0.58
LN-08270910-11089,TRUE,TRUE,TRUE,VERIFIED,2023-04-02,,
LN-08270910-11090,TRUE,,,PENDING,2023-02-17,,
LN-08270910-11091,,FALSE,,PENDING,2023-06-21,,0.83
LN-08270910-11092,TRUE,TRUE,TRUE,VERIFIED,2023-01-31,,
LN-08270910-11093,FALSE,FALSE,,PENDING,2023-08-29,LEGACY-CODE-1398,
LN-08270910-11094,FALSE,TRUE,FALSE,PENDING,2023-02-27,,
LN-08270910-11095,TRUE,TRUE,TRUE,VERIFIED,2023-09-09,,
LN-08270910-11096,FALSE,,,PENDING,2023-02-01,,
LN-08270910-11097,TRUE,TRUE,FALSE,PENDING,2023-11-18,,
LN-08270910-11098,,FALSE,FALSE,PENDING,2024.05.10,,
LN-08270910-11099,,FALSE,TRUE,PENDING,2024-05-10,LEGACY-CODE-8608,0.74
LN-08270910-11100,TRUE,FALSE,TRUE,PENDING,2023-11-04,,
LN-08270910-11101,,,,PENDING,2023-01-25,LEGACY-CODE-1594,
LN-08270910-11102,FALSE,FALSE,FALSE,PENDING,2023-08-14,,0.84
LN-08270910-11103,,TRUE,FALSE,PENDING,2023-01-11,,
LN-08270910-10963,FALSE,FALSE,FALSE,PENDING,2023-06-09,LEGACY-CODE-7092,
LN-08270910-11105,FALSE,,FALSE,PENDING,2023-09-05,,
LN-08270910-11106,FALSE,TRUE,FALSE,PENDING,2023-01-28,,
LN-08270910-11107,TRUE,FALSE,FALSE,PENDING,2023-05-29,,
LN-08270910-11108,TRUE,FALSE,,PENDING,2023-01-31,,
LN-08270910-11109,FALSE,TRUE,FALSE,PENDING,2023-12-04,,
LN-08270910-11110,FALSE,FALSE,TRUE,PENDING,2023-08-24,,
LN-08270910-11111,TRUE,FALSE,TRUE,PENDING,2023-06-25,,
LN-08270910-11112,TRUE,TRUE,TRUE,VERIFIED,2023-05-30,,0.66
LN-08270910-10414,FALSE,,TRUE,PENDING,2023-12-06,,
LN-08270910-11114,FALSE,FALSE,FALSE,MISSING,2023-10-17,,
LN-08270910-11115,TRUE,FALSE,FALSE,PENDING,2023-01-12,,
LN-08270910-11116,TRUE,TRUE,TRUE,VERIFIED,2023-12-17,LEGACY-CODE-2301,
LN-08270910-11117,,TRUE,TRUE,PENDING,2023-03-22,,
LN-08270910-11118,TRUE,FALSE,FALSE,PENDING,2023-01-18,,0.54
LN-08270910-11119,,TRUE,,PENDING,2023-06-24,,
LN-08270910-11120,TRUE,FALSE,TRUE,PENDING,2023-03-28,LEGACY-CODE-2412,
LN-08270910-11121,FALSE,TRUE,TRUE,PENDING,2023-10-23,,0.84
LN-08270910-11122,,,FALSE,PENDING,2023-07-29,,
LN-08270910-11123,FALSE,TRUE,FALSE,PENDING,2023-09-02,,
LN-08270910-11124,TRUE,TRUE,TRUE,VERIFIED,2023-02-08,,
LN-08270910-11125,TRUE,FALSE,TRUE,PENDING,2023-04-24,LEGACY-CODE-9619,0.64
LN-08270910-11126,,,FALSE,PENDING,2023-11-08,,
LN-08270910-11126,,,FALSE,INCOMPLETE,2023-11-08,,
LN-08270910-11127,,TRUE,TRUE,PENDING,2023-05-24,,
LN-08270910-11128,FALSE,TRUE,TRUE,PENDING,2023-10-31,,
LN-08270910-11129,TRUE,FALSE,,PENDING,2023-04-20,LEGACY-CODE-7959,
LN-08270910-11130,FALSE,TRUE,TRUE,PENDING,2023-09-09,,
LN-08270910-11131,,,FALSE,PENDING,2023-05-02,,
LN-08270910-11132,TRUE,,FALSE,PENDING,2023-05-16,,
LN-08270910-11133,FALSE,FALSE,FALSE,PENDING,2023-02-23,,0.97
LN-08270910-11134,TRUE,FALSE,,PENDING,2023-05-25,,0.88
LN-08270910-11135,,FALSE,FALSE,PENDING,2023-04-07,,0.98
LN-08270910-11136,FALSE,TRUE,FALSE,PENDING,2023-08-04,,
LN-08270910-11138,TRUE,FALSE,FALSE,PENDING,2023-06-12,,
LN-08270910-11139,TRUE,TRUE,FALSE,PENDING,2023-04-18,,
LN-08270910-11139,TRUE,TRUE,FALSE,INCOMPLETE,2023-04-18,,
LN-08270910-11140,TRUE,FALSE,TRUE,PENDING,2023-07-21,,
LN-08270910-11141,,TRUE,TRUE,PENDING,2023-06-13,LEGACY-CODE-9300,
LN-08270910-11142,FALSE,TRUE,,PENDING,2023-06-08,,
LN-08270910-11143,FALSE,TRUE,FALSE,PENDING,2023-08-26,,
LN-08270910-11144,TRUE,TRUE,TRUE,VERIFIED,2023-11-01,,
LN-08270910-11145,FALSE,TRUE,,PENDING,2023-11-12,,
LN-08270910-11146,TRUE,TRUE,TRUE,VERIFIED,2023-11-23,LEGACY-CODE-9715,
LN-08270910-11147,TRUE,,FALSE,PENDING,2023-07-10,,0.56
LN-08270910-11148,TRUE,TRUE,TRUE,VERIFIED,2023-05-04,,0.82
LN-08270910-11149,TRUE,TRUE,TRUE,VERIFIED,2023-09-07,,
LN-08270910-11150,,TRUE,FALSE,PENDING,2023-06-22,,
LN-08270910-11151,FALSE,FALSE,FALSE,PENDING,2023-07-01,LEGACY-CODE-7247,
LN-08270910-11152,FALSE,FALSE,FALSE,PENDING,2023-08-28,,
LN-08270910-11153,TRUE,,,PENDING,2023-09-23,,
LN-08270910-11154,TRUE,TRUE,TRUE,PENDING,2023-02-07,LEGACY-CODE-3324,0.54
LN-08270910-11156,,,,PENDING,2023-01-16,,
LN-08270910-11157,,FALSE,TRUE,PENDING,2023-09-24,,
LN-08270910-11158,,TRUE,,PENDING,2023-05-19,,
LN-08270910-11159,TRUE,,FALSE,PENDING,2023-11-07,,
LN-08270910-11160,TRUE,,TRUE,PENDING,2023-12-30,,
LN-08270910-11161,FALSE,,,PENDING,2023-06-23,,0.92
LN-08270910-11162,,,,PENDING,2023-10-25,,
LN-08270910-11163,TRUE,FALSE,TRUE,PENDING,2023-05-25,,0.79
LN-08270910-11164,,TRUE,TRUE,PENDING,2023-08-18,,
LN-08270910-11165,,FALSE,,PENDING,2023-04-27,,
LN-08270910-11166,FALSE,TRUE,,PENDING,2023-05-07,,
LN-08270910-11166,FALSE,TRUE,,INCOMPLETE,2023-05-07,,
LN-08270910-11167,FALSE,FALSE,TRUE,PENDING,2023-05-31,,
LN-08270910-11168,FALSE,TRUE,FALSE,PENDING,INVALID_DATE,,
LN-08270910-11169,FALSE,,TRUE,PENDING,2023-03-30,LEGACY-CODE-6179,
LN-08270910-11170,TRUE,,,PENDING,2023-05-30,,
LN-08270910-11171,TRUE,,TRUE,PENDING,2024-05-10,LEGACY-CODE-5833,
LN-08270910-11172,,FALSE,TRUE,PENDING,2023-03-14,,
LN-08270910-11173,,TRUE,FALSE,PENDING,2023-11-25,,
LN-08270910-11174,FALSE,,FALSE,PENDING,2023-03-28,,
LN-08270910-11175,,,FALSE,PENDING,2023-01-07,,
LN-08270910-11176,,,FALSE,PENDING,05-10-2024,LEGACY-CODE-9280,
LN-08270910-11177,,TRUE,,PENDING,2023-02-25,,
LN-08270910-11178,FALSE,,,PENDING,2023-11-12,,
LN-08270910-11179,FALSE,FALSE,FALSE,PENDING,2023-03-06,,
LN-08270910-11180,TRUE,,,PENDING,2023-04-14,LEGACY-CODE-2119,0.92
LN-08270910-11181,TRUE,,TRUE,PENDING,15/01/2023,LEGACY-CODE-9592,
LN-08270910-11182,,TRUE,,PENDING,2023-11-26,,0.86
LN-08270910-11183,TRUE,TRUE,TRUE,VERIFIED,2023-09-10,,
LN-08270910-11184,,FALSE,FALSE,PENDING,2023-04-03,LEGACY-CODE-1307,0.89
LN-08270910-11185,FALSE,TRUE,,PENDING,2023-01-09,,
LN-08270910-11186,TRUE,FALSE,TRUE,PENDING,2023-11-05,,0.85
LN-08270910-10747,FALSE,,FALSE,PENDING,2023-02-13,,
LN-08270910-11188,,FALSE,,PENDING,2023-06-09,,
LN-08270910-11189,FALSE,TRUE,,PENDING,2023-07-29,LEGACY-CODE-8952,
LN-08270910-11190,TRUE,TRUE,FALSE,PENDING,2023-08-15,,
LN-08270910-11191,TRUE,FALSE,FALSE,PENDING,2023-05-20,,
LN-08270910-11192,,,,PENDING,2023-02-12,,
LN-08270910-11193,FALSE,TRUE,,PENDING,2023-08-26,,
LN-08270910-11194,FALSE,FALSE,,PENDING,2023-07-08,,
LN-08270910-11195,,FALSE,,PENDING,2023-08-04,,
LN-08270910-11196,TRUE,,TRUE,PENDING,2023-03-27,LEGACY-CODE-8866,
LN-08270910-11197,TRUE,TRUE,TRUE,VERIFIED,2023-08-12,,
LN-08270910-11198,TRUE,FALSE,FALSE,PENDING,2023-01-24,,
LN-08270910-11199,FALSE,TRUE,,PENDING,2023-09-30,LEGACY-CODE-9582,
LN-08270910-11200,,FALSE,FALSE,PENDING,2023-08-28,,
LN-08270910-11201,FALSE,,TRUE,PENDING,2023-04-18,,
LN-08270910-11202,TRUE,TRUE,,PENDING,2023-06-01,,
LN-08270910-11203,TRUE,FALSE,,PENDING,2023-10-08,,0.91
LN-08270910-11204,FALSE,,TRUE,PENDING,2023-03-11,,
LN-08270910-11205,FALSE,,,PENDING,2023-01-12,,
LN-08270910-11206,,FALSE,,PENDING,2023-02-23,,
LN-08270910-11207,TRUE,TRUE,TRUE,VERIFIED,2023-11-24,,
LN-08270910-11208,,,TRUE,PENDING,2023-08-19,,
LN-08270910-11209,,TRUE,TRUE,PENDING,2023-06-14,LEGACY-CODE-7689,
LN-08270910-11210,TRUE,,TRUE,PENDING,2023-11-08,,
LN-08270910-11211,TRUE,TRUE,FALSE,PENDING,2023-11-17,,0.9
LN-08270910-11212,TRUE,TRUE,TRUE,VERIFIED,2023-07-21,,
LN-08270910-11213,FALSE,,TRUE,PENDING,2023-10-07,,
LN-08270910-11214,FALSE,FALSE,,PENDING,2023-01-19,,
LN-08270910-11215,TRUE,,TRUE,PENDING,2023-07-18,,
LN-08270910-10847,TRUE,TRUE,TRUE,VERIFIED,2023-02-24,,
LN-08270910-11217,TRUE,FALSE,TRUE,PENDING,2023-12-10,LEGACY-CODE-6467,
LN-08270910-11218,TRUE,FALSE,,PENDING,2023-03-29,,
LN-08270910-11219,FALSE,,TRUE,PENDING,2024.05.10,,
LN-08270910-11220,,FALSE,FALSE,PENDING,2023-03-18,,
LN-08270910-11221,TRUE,TRUE,TRUE,PENDING,2023-11-14,,
LN-08270910-11222,TRUE,TRUE,TRUE,VERIFIED,2023-05-15,,
LN-08270910-11223,TRUE,FALSE,TRUE,PENDING,2023-02-22,,0.87
LN-08270910-11224,,TRUE,,PENDING,2023-08-16,,
LN-08270910-11225,,,TRUE,PENDING,2023-02-09,LEGACY-CODE-2864,
LN-08270910-11226,FALSE,TRUE,,PENDING,2023-10-13,,
LN-08270910-11227,TRUE,TRUE,TRUE,VERIFIED,2023-05-25,,
LN-08270910-11228,,,FALSE,PENDING,2023-03-08,,
LN-08270910-11229,FALSE,TRUE,,PENDING,2023-12-25,LEGACY-CODE-8833,
LN-08270910-11230,FALSE,TRUE,FALSE,PENDING,2023-12-21,LEGACY-CODE-6903,
LN-08270910-11231,FALSE,TRUE,,PENDING,2023-07-19,,0.53
LN-08270910-11232,FALSE,FALSE,FALSE,PENDING,2023-02-21,,
LN-08270910-11233,,TRUE,FALSE,PENDING,2023-11-13,,
LN-08270910-11234,TRUE,FALSE,,PENDING,2023-05-27,,
LN-08270910-11235,FALSE,FALSE,,PENDING,2023-02-25,,
LN-08270910-11236,TRUE,,FALSE,PENDING,2023-11-21,,
LN-08270910-11237,TRUE,FALSE,TRUE,PENDING,2023-09-05,,
LN-08270910-11238,FALSE,FALSE,FALSE,PENDING,2023-04-25,,
LN-08270910-11239,TRUE,FALSE,FALSE,PENDING,2023-01-19,,
LN-08270910-11240,TRUE,TRUE,TRUE,VERIFIED,2023-07-26,,
LN-08270910-11241,FALSE,FALSE,,PENDING,2023-07-11,,
LN-08270910-11242,,TRUE,TRUE,PENDING,2023-08-12,LEGACY-CODE-3943,
LN-08270910-11243,TRUE,TRUE,,PENDING,2023-09-18,,
LN-08270910-11244,FALSE,,TRUE,PENDING,2023-12-07,LEGACY-CODE-5114,0.87
LN-08270910-11245,TRUE,TRUE,TRUE,VERIFIED,2023-03-06,,
LN-08270910-11246,FALSE,FALSE,,PENDING,2023-04-28,,
LN-08270910-11247,,,FALSE,PENDING,2023-12-04,,
LN-08270910-11248,TRUE,FALSE,,PENDING,2023-02-07,,
LN-08270910-11248,TRUE,FALSE,,INCOMPLETE,2023-02-07,,
LN-08270910-11249,,FALSE,FALSE,PENDING,2023-11-26,,
LN-08270910-11250,TRUE,TRUE,FALSE,PENDING,2023-01-12,,
LN-08270910-11251,FALSE,TRUE,TRUE,PENDING,2023-10-08,,0.65
LN-08270910-11252,,,FALSE,PENDING,2023-12-22,,0.85
LN-08270910-11253,,,,PENDING,2023-01-12,,
LN-08270910-11254,TRUE,FALSE,,PENDING,2023-08-28,,
LN-08270910-11255,FALSE,FALSE,FALSE,NULL,2023-09-17,,
LN-08270910-11256,FALSE,,TRUE,PENDING,2023-08-19,,
LN-08270910-11257,TRUE,TRUE,TRUE,VERIFIED,2023-11-25,,
LN-08270910-11258,FALSE,FALSE,TRUE,PENDING,2023-03-17,LEGACY-CODE-2021,
LN-08270910-11259,TRUE,FALSE,TRUE,PENDING,2024-13-45,LEGACY-CODE-8045,
LN-08270910-11260,FALSE,TRUE,TRUE,PENDING,2023-09-01,,0.91
LN-08270910-11261,FALSE,FALSE,,PENDING,2023-05-17,,0.95
LN-08270910-11262,,TRUE,FALSE,PENDING,2023-06-01,,
LN-08270910-11263,FALSE,FALSE,,PENDING,2023-02-26,LEGACY-CODE-4303,
LN-08270910-11264,TRUE,TRUE,TRUE,VERIFIED,2023-09-27,,0.83
LN-08270910-11265,TRUE,FALSE,FALSE,PENDING,2023-09-04,,
LN-08270910-11266,FALSE,,,PENDING,2023-08-16,,
LN-08270910-11226,FALSE,TRUE,,PENDING,2023-11-12,,
LN-08270910-11269,,TRUE,,PENDING,2023-06-29,,
LN-08270910-11271,,FALSE,,PENDING,2023-07-17,,
LN-08270910-11272,,,FALSE,PENDING,2023-11-11,,
LN-08270910-11273,FALSE,TRUE,,PENDING,2023-09-21,,
LN-08270910-11274,FALSE,TRUE,FALSE,PENDING,2023-05-05,,0.71
LN-08270910-11275,TRUE,TRUE,TRUE,PENDING,2023-10-02,,
LN-08270910-11276,TRUE,,FALSE,PENDING,15/01/2023,LEGACY-CODE-6892,
LN-08270910-11277,TRUE,,TRUE,PENDING,2023-09-03,,
LN-08270910-11278,TRUE,,FALSE,PENDING,2023-08-01,,
LN-08270910-11279,FALSE,FALSE,,PENDING,2023-11-19,,
LN-08270910-11280,FALSE,TRUE,TRUE,PENDING,2023-06-16,,
LN-08270910-11281,,TRUE,,PENDING,2023-09-30,,
,FALSE,TRUE,TRUE,PENDING,2023-04-18,LEGACY-CODE-3410,
LN-08270910-11283,TRUE,,FALSE,PENDING,2023-05-30,,
LN-08270910-11284,TRUE,TRUE,TRUE,PENDING,2023-05-09,,
LN-08270910-11285,,,,PENDING,2023-08-30,,
LN-08270910-11286,TRUE,TRUE,TRUE,PENDING,2023-04-27,,0.93
LN-08270910-11287,TRUE,,FALSE,PENDING,2023-09-09,,
LN-08270910-11288,FALSE,,FALSE,PENDING,2023-12-17,LEGACY-CODE-7438,
LN-08270910-11289,,FALSE,TRUE,PENDING,2023-10-02,,
LN-08270910-11290,TRUE,TRUE,TRUE,VERIFIED,2023-04-18,,
LN-08270910-11291,FALSE,FALSE,FALSE,NULL,2023-05-26,LEGACY-CODE-5424,
LN-08270910-11292,TRUE,TRUE,TRUE,VERIFIED,2023-12-04,,0.9
LN-08270910-11293,TRUE,,,PENDING,2023-04-23,LEGACY-CODE-5241,
LN-08270910-11294,TRUE,TRUE,,PENDING,2023-09-20,LEGACY-CODE-4985,
LN-08270910-11295,FALSE,,FALSE,PENDING,2023-09-03,,
LN-08270910-11296,,,TRUE,PENDING,2023-06-10,,
LN-08270910-11297,FALSE,TRUE,FALSE,PENDING,2023-06-17,LEGACY-CODE-9772,0.98
LN-08270910-11298,TRUE,,,PENDING,2023-08-03,,
LN-08270910-11299,FALSE,FALSE,FALSE,PENDING,2023-01-29,,
LN-08270910-11299,FALSE,FALSE,FALSE,INCOMPLETE,2023-01-29,,
LN-08270910-11300,,TRUE,,PENDING,2023-04-10,,
LN-08270910-11301,TRUE,TRUE,,PENDING,2023-02-09,,
LN-08270910-11302,TRUE,FALSE,FALSE,PENDING,2023-07-06,,
LN-08270910-11303,,,,PENDING,2023-12-19,,
LN-08270910-11304,FALSE,FALSE,FALSE,NULL,2023-12-01,LEGACY-CODE-7698,
LN-08270910-11305,TRUE,,TRUE,PENDING,2023-07-26,,0.94
LN-08270910-11306,,,,PENDING,2023-07-03,,
LN-08270910-11307,FALSE,FALSE,FALSE,PENDING,2023-02-15,,
LN-08270910-11308,FALSE,TRUE,,PENDING,2023-01-30,LEGACY-CODE-5378,
LN-08270910-11309,TRUE,,FALSE,PENDING,2023-05-17,,
LN-08270910-11311,FALSE,,FALSE,PENDING,2023-06-29,,0.9
LN-08270910-11312,FALSE,,FALSE,PENDING,2023-07-07,LEGACY-CODE-1371,
LN-08270910-11313,TRUE,FALSE,TRUE,PENDING,2023-01-05,LEGACY-CODE-2895,
LN-08270910-11314,TRUE,FALSE,FALSE,PENDING,2023-11-23,,
LN-08270910-11315,TRUE,TRUE,TRUE,VERIFIED,2023-12-09,LEGACY-CODE-3789,
LN-08270910-11316,,TRUE,FALSE,PENDING,2023-05-08,LEGACY-CODE-4666,
LN-08270910-11317,FALSE,FALSE,FALSE,PENDING,INVALID_DATE,LEGACY-CODE-7023,
LN-08270910-11318,TRUE,TRUE,TRUE,VERIFIED,2023-09-15,,
LN-08270910-11319,TRUE,TRUE,TRUE,VERIFIED,2023-10-11,,
LN-08270910-11320,TRUE,FALSE,,PENDING,2023-09-26,LEGACY-CODE-9191,
LN-08270910-11321,,FALSE,FALSE,PENDING,2023-10-25,LEGACY-CODE-8832,0.75
LN-08270910-11322,TRUE,,TRUE,PENDING,2023-11-30,,
LN-08270910-11323,,TRUE,FALSE,PENDING,2023-09-23,,
LN-08270910-11324,TRUE,,TRUE,PENDING,2023-03-31,LEGACY-CODE-2047,0.7
LN-08270910-11325,TRUE,TRUE,TRUE,VERIFIED,2023-11-23,LEGACY-CODE-7932,
LN-08270910-11326,TRUE,TRUE,TRUE,PENDING,2023-10-23,,
LN-08270910-11327,TRUE,TRUE,TRUE,VERIFIED,2023-09-07,,0.89
LN-08270910-11172,TRUE,TRUE,TRUE,VERIFIED,2023-10-14,LEGACY-CODE-2354,
LN-08270910-11329,TRUE,TRUE,,PENDING,2023-07-15,,
LN-08270910-11330,,,FALSE,PENDING,2023-08-24,,0.9
LN-08270910-11331,TRUE,FALSE,,PENDING,2023-05-23,,
LN-08270910-11332,,FALSE,FALSE,PENDING,2023-03-11,,
LN-08270910-11333,TRUE,TRUE,TRUE,VERIFIED,2024-05-10,LEGACY-CODE-9278,
LN-08270910-11334,FALSE,FALSE,TRUE,PENDING,2023-12-03,,
LN-08270910-11335,,TRUE,,PENDING,2023-08-18,LEGACY-CODE-1327,0.57
LN-08270910-11336,,TRUE,,PENDING,INVALID_DATE,LEGACY-CODE-1230,
LN-08270910-11337,,TRUE,FALSE,PENDING,2023-04-29,,
LN-08270910-11338,FALSE,,FALSE,PENDING,2023-09-04,,
LN-08270910-11339,TRUE,,,PENDING,2023-02-04,,0.51
LN-08270910-11340,TRUE,TRUE,TRUE,VERIFIED,2023-10-14,,
LN-08270910-11341,,TRUE,FALSE,PENDING,2023-07-11,LEGACY-CODE-9584,
LN-08270910-11342,,FALSE,TRUE,PENDING,2023-03-24,,
LN-08270910-11343,FALSE,TRUE,TRUE,PENDING,2023-10-16,,
LN-08270910-11344,TRUE,,TRUE,PENDING,2023-12-18,,
LN-08270910-11345,TRUE,TRUE,TRUE,PENDING,2023-09-25,,
LN-08270910-11346,,FALSE,,PENDING,2023-01-27,,
LN-08270910-11347,,TRUE,TRUE,PENDING,2023-12-25,,
LN-08270910-11348,FALSE,TRUE,,PENDING,2023-07-20,,0.77
LN-08270910-11349,,FALSE,FALSE,PENDING,2024-05-10,,
LN-08270910-11350,TRUE,TRUE,TRUE,VERIFIED,2023-06-29,,
LN-08270910-11351,FALSE,,FALSE,PENDING,2023-08-29,,
LN-08270910-11352,TRUE,FALSE,FALSE,PENDING,2023-12-18,,0.83
LN-08270910-11353,FALSE,TRUE,TRUE,PENDING,2023-08-21,,
LN-08270910-11354,TRUE,,,PENDING,2023-07-01,,
LN-08270910-11355,,FALSE,,PENDING,2023-07-06,,0.92
LN-08270910-11356,FALSE,FALSE,,PENDING,2023-09-21,,
LN-08270910-11357,TRUE,FALSE,TRUE,PENDING,2023-08-01,,
LN-08270910-11358,TRUE,TRUE,,PENDING,2023-12-21,LEGACY-CODE-1676,
LN-08270910-11359,FALSE,FALSE,FALSE,NULL,2023-07-09,LEGACY-CODE-9747,
LN-08270910-11360,FALSE,,TRUE,PENDING,2023-09-20,,0.56
LN-08270910-11361,TRUE,,,PENDING,2023-11-01,,
LN-08270910-11362,FALSE,FALSE,TRUE,PENDING,2023-05-10,,
LN-08270910-11363,FALSE,TRUE,,PENDING,2023-05-11,,
LN-08270910-11364,TRUE,TRUE,FALSE,PENDING,2023-10-18,,0.85
LN-08270910-11365,TRUE,FALSE,,PENDING,2023-03-16,LEGACY-CODE-4582,
LN-08270910-11366,TRUE,TRUE,TRUE,VERIFIED,2023-02-16,,0.92
LN-08270910-11367,FALSE,,,PENDING,2023-11-30,,
LN-08270910-11368,FALSE,TRUE,,PENDING,2023-02-07,LEGACY-CODE-4528,
LN-08270910-11369,FALSE,FALSE,FALSE,MISSING,2023-06-21,,0.71
LN-08270910-11370,FALSE,TRUE,FALSE,PENDING,2023-02-12,,
LN-08270910-11371,TRUE,TRUE,TRUE,VERIFIED,2023-06-08,,
LN-08270910-11372,,TRUE,FALSE,PENDING,2023-02-20,LEGACY-CODE-8893,
LN-08270910-11373,TRUE,TRUE,TRUE,VERIFIED,2023-02-16,,
LN-08270910-11374,TRUE,TRUE,TRUE,VERIFIED,2023-06-24,LEGACY-CODE-3853,
LN-08270910-11375,FALSE,,TRUE,PENDING,2023-12-23,,
LN-08270910-11376,TRUE,TRUE,TRUE,VERIFIED,2023-09-16,,
LN-08270910-11377,FALSE,FALSE,FALSE,PENDING,2023-01-29,,
LN-08270910-11378,TRUE,TRUE,TRUE,PENDING,2023-09-06,,
LN-08270910-11379,FALSE,,TRUE,PENDING,2023-04-08,,
LN-08270910-11380,TRUE,TRUE,TRUE,VERIFIED,2023-04-21,,0.87
LN-08270910-11381,TRUE,FALSE,FALSE,PENDING,2023-12-30,LEGACY-CODE-6188,0.58
LN-08270910-11382,TRUE,TRUE,TRUE,PENDING,2023-03-29,,
LN-08270910-11383,FALSE,TRUE,TRUE,PENDING,2023-07-30,,
LN-08270910-11384,FALSE,FALSE,FALSE,MISSING,2023-09-29,,
LN-08270910-11385,TRUE,,TRUE,PENDING,2023-01-14,,
LN-08270910-11386,TRUE,,FALSE,PENDING,2023-02-18,LEGACY-CODE-1858,
LN-08270910-11387,TRUE,FALSE,TRUE,PENDING,2023-02-12,,
LN-08270910-11388,TRUE,TRUE,TRUE,VERIFIED,2023-03-02,,
LN-08270910-11389,,TRUE,FALSE,PENDING,2023-04-20,LEGACY-CODE-5549,
LN-08270910-11390,TRUE,FALSE,FALSE,PENDING,2023-12-26,,0.73
LN-08270910-11391,,FALSE,TRUE,PENDING,2023-03-17,LEGACY-CODE-5003,
LN-08270910-11392,TRUE,TRUE,TRUE,VERIFIED,2023-06-30,,
LN-08270910-11393,,,TRUE,PENDING,2023-11-12,,
LN-08270910-11394,FALSE,,TRUE,PENDING,2023-07-28,,
LN-08270910-11395,FALSE,,,PENDING,2023-07-25,LEGACY-CODE-9933,
LN-08270910-11396,TRUE,FALSE,TRUE,PENDING,2023-12-28,,
LN-08270910-11396,TRUE,FALSE,TRUE,INCOMPLETE,2023-12-28,,
LN-08270910-11397,FALSE,FALSE,FALSE,MISSING,2023-04-03,,0.78
LN-08270910-11398,FALSE,FALSE,,PENDING,2023-01-02,,
LN-08270910-11399,,,FALSE,PENDING,2023-12-24,,
LN-08270910-11400,FALSE,FALSE,TRUE,PENDING,2023-10-16,,
LN-08270910-11401,TRUE,FALSE,FALSE,PENDING,2023-07-03,LEGACY-CODE-2117,
LN-08270910-11402,TRUE,FALSE,TRUE,PENDING,2023-08-05,,
LN-08270910-11403,TRUE,FALSE,FALSE,PENDING,2023-01-08,,
LN-08270910-11404,FALSE,TRUE,TRUE,PENDING,2023-02-23,,
LN-08270910-11405,FALSE,TRUE,TRUE,PENDING,2023-08-05,,
LN-08270910-11406,FALSE,TRUE,FALSE,PENDING,2023-07-09,,
LN-08270910-11407,,,,PENDING,2023-03-29,LEGACY-CODE-3304,
LN-08270910-11408,TRUE,TRUE,TRUE,VERIFIED,2023-04-20,,
LN-08270910-11409,TRUE,,TRUE,PENDING,2023-09-25,,
LN-08270910-11410,FALSE,,TRUE,PENDING,2023-11-25,LEGACY-CODE-3395,
LN-08270910-11411,FALSE,FALSE,,PENDING,2023-01-20,,
LN-08270910-11412,FALSE,,FALSE,PENDING,2023-10-15,LEGACY-CODE-6686,0.7
LN-08270910-11413,,,,PENDING,2023-01-22,LEGACY-CODE-2333,
LN-08270910-11414,FALSE,FALSE,FALSE,PENDING,2023-07-05,,0.61
LN-08270910-11415,,FALSE,FALSE,PENDING,2023-01-09,,0.98
LN-08270910-11342,TRUE,FALSE,TRUE,PENDING,2023-01-05,LEGACY-CODE-4770,
LN-08270910-11417,TRUE,TRUE,TRUE,PENDING,2023-05-07,,
LN-08270910-11418,,,TRUE,PENDING,2023-09-08,LEGACY-CODE-8958,
LN-08270910-11419,TRUE,TRUE,TRUE,VERIFIED,2023-06-13,,
LN-08270910-11420,TRUE,TRUE,TRUE,VERIFIED,2023-06-08,,
LN-08270910-11421,FALSE,TRUE,FALSE,PENDING,2023-03-20,,0.67
LN-08270910-11422,TRUE,,TRUE,PENDING,2023-01-09,LEGACY-CODE-2712,
LN-08270910-11423,FALSE,TRUE,,PENDING,2023-05-11,,
LN-08270910-11424,,,,PENDING,2023-05-30,,
LN-08270910-11087,TRUE,TRUE,TRUE,VERIFIED,2023-06-20,,
LN-08270910-11426,,,,PENDING,2023-02-07,,
LN-08270910-11427,,FALSE,TRUE,PENDING,2023-09-28,,
LN-08270910-11428,,,,PENDING,2023-07-29,,
LN-08270910-11429,,,FALSE,PENDING,2023-09-10,,
LN-08270910-11430,,FALSE,,PENDING,2023-12-24,LEGACY-CODE-7990,
LN-08270910-11431,TRUE,TRUE,TRUE,VERIFIED,2023-11-04,LEGACY-CODE-3178,
LN-08270910-11432,,,FALSE,PENDING,2023-02-01,,0.81
LN-08270910-11433,FALSE,TRUE,,PENDING,2023-12-01,,
LN-08270910-11434,,TRUE,FALSE,PENDING,2023-03-29,,
LN-08270910-11435,FALSE,,TRUE,PENDING,2023-09-24,,
LN-08270910-11436,FALSE,,TRUE,PENDING,2023-11-13,,
LN-08270910-11437,FALSE,FALSE,TRUE,PENDING,2023-08-02,,
LN-08270910-11438,FALSE,,,PENDING,2023-07-27,LEGACY-CODE-3395,
LN-08270910-11439,,FALSE,FALSE,PENDING,2023-11-17,,
LN-08270910-11440,TRUE,FALSE,TRUE,PENDING,2023-08-27,,
LN-08270910-11441,FALSE,,TRUE,PENDING,2023-03-11,LEGACY-CODE-7258,
LN-08270910-11442,TRUE,TRUE,TRUE,PENDING,2023-04-02,,
LN-08270910-10761,TRUE,TRUE,,PENDING,2023-01-01,,
LN-08270910-11444,FALSE,FALSE,TRUE,PENDING,2023-11-13,,
LN-08270910-11445,TRUE,TRUE,TRUE,VERIFIED,2023-07-05,,
LN-08270910-11446,TRUE,TRUE,TRUE,VERIFIED,2023-08-02,,0.75
LN-08270910-11447,TRUE,TRUE,TRUE,VERIFIED,2023-11-17,LEGACY-CODE-3768,
LN-08270910-11448,TRUE,TRUE,TRUE,VERIFIED,2023-07-28,LEGACY-CODE-9821,
LN-08270910-11449,TRUE,,,PENDING,2023-11-05,,
LN-08270910-11450,TRUE,TRUE,FALSE,PENDING,2023-07-17,LEGACY-CODE-2406,
LN-08270910-11451,FALSE,TRUE,TRUE,PENDING,2023-01-19,LEGACY-CODE-3048,
LN-08270910-11451,FALSE,TRUE,TRUE,INCOMPLETE,2023-01-19,LEGACY-CODE-3048,
LN-08270910-11452,TRUE,TRUE,TRUE,PENDING,2023-03-10,,
LN-08270910-11453,TRUE,TRUE,TRUE,VERIFIED,2023-05-26,LEGACY-CODE-3490,
LN-08270910-11454,,FALSE,TRUE,PENDING,2023-12-03,LEGACY-CODE-9327,
LN-08270910-11455,,FALSE,,PENDING,2023-08-26,LEGACY-CODE-9209,
LN-08270910-11456,,TRUE,FALSE,PENDING,2023-01-27,,0.93
LN-08270910-11457,FALSE,TRUE,,PENDING,2024-05-10,,0.83
LN-08270910-11458,FALSE,FALSE,FALSE,PENDING,2023-11-19,,
LN-08270910-11459,TRUE,,,PENDING,2023-06-22,,
LN-08270910-11460,TRUE,TRUE,TRUE,VERIFIED,2023-08-28,,
LN-08270910-11461,TRUE,,FALSE,PENDING,2023-08-02,,
LN-08270910-11462,TRUE,TRUE,TRUE,VERIFIED,2023-05-17,,
LN-08270910-11463,TRUE,TRUE,TRUE,VERIFIED,2023-03-20,,
LN-08270910-11464,FALSE,TRUE,FALSE,PENDING,2023-04-20,,
LN-08270910-11465,FALSE,FALSE,,PENDING,2023-02-18,,
LN-08270910-11466,FALSE,,,PENDING,2023-07-10,,
LN-08270910-11467,FALSE,FALSE,TRUE,PENDING,2023-11-22,,
LN-08270910-11468,TRUE,FALSE,,PENDING,2023-08-29,,
LN-08270910-11469,FALSE,,,PENDING,2023-09-13,,0.94
LN-08270910-11470,,TRUE,,PENDING,2023-04-23,LEGACY-CODE-6723,
LN-08270910-11471,FALSE,,TRUE,PENDING,2023-01-12,LEGACY-CODE-9497,0.7
LN-08270910-11473,FALSE,TRUE,,PENDING,2023-03-02,,
LN-08270910-11474,TRUE,FALSE,TRUE,PENDING,2023-02-01,,0.83
LN-08270910-11475,TRUE,,FALSE,PENDING,2023-11-17,,
LN-08270910-11476,,,,PENDING,2023-11-21,,0.87
LN-08270910-11477,FALSE,FALSE,TRUE,PENDING,2023-12-12,,
LN-08270910-11478,TRUE,TRUE,TRUE,VERIFIED,2023-07-17,,
LN-08270910-11479,,,,PENDING,2023-10-20,,0.61
LN-08270910-11480,FALSE,,,PENDING,2023-11-11,,
LN-08270910-11481,TRUE,TRUE,,PENDING,2023-10-19,,
LN-08270910-11482,,,,PENDING,2023-08-15,,
LN-08270910-11483,,FALSE,TRUE,PENDING,2023-11-12,LEGACY-CODE-6956,
LN-08270910-11484,FALSE,FALSE,FALSE,PENDING,2023-12-14,,
LN-08270910-11485,FALSE,,FALSE,PENDING,2023-12-04,,0.6
LN-08270910-11486,TRUE,TRUE,,PENDING,2023-07-08,,
LN-08270910-11487,,,TRUE,PENDING,2023-04-30,,
LN-08270910-11488,FALSE,FALSE,FALSE,NULL,2023-04-14,LEGACY-CODE-2030,
LN-08270910-11489,TRUE,TRUE,TRUE,VERIFIED,2023-04-26,,
LN-08270910-11490,FALSE,,,PENDING,2023-08-22,,
LN-08270910-11491,TRUE,FALSE,TRUE,PENDING,2023-01-14,,
LN-08270910-11492,TRUE,FALSE,,PENDING,2023-10-09,LEGACY-CODE-9870,
LN-08270910-11493,FALSE,,,PENDING,2023-11-29,,
LN-08270910-11494,TRUE,FALSE,FALSE,PENDING,2023-10-11,,
LN-08270910-11495,FALSE,FALSE,FALSE,PENDING,2023-07-21,,
LN-08270910-11496,FALSE,FALSE,TRUE,PENDING,2023-09-21,,0.78
LN-08270910-11497,,,,PENDING,2023-06-03,,
LN-08270910-11498,TRUE,FALSE,FALSE,PENDING,2023-06-25,LEGACY-CODE-6085,
LN-08270910-11499,FALSE,,TRUE,PENDING,2023-01-11,,
LN-08270910-11500,,FALSE,TRUE,PENDING,2023-06-18,,0.55
LN-08270910-11501,,,FALSE,PENDING,2023-12-01,,
LN-08270910-11502,FALSE,FALSE,FALSE,NULL,2023-02-16,,
LN-08270910-11503,FALSE,TRUE,,PENDING,2023-05-01,,
LN-08270910-11504,FALSE,TRUE,FALSE,PENDING,2023-07-31,,0.61
LN-08270910-11505,FALSE,TRUE,FALSE,PENDING,2023-01-19,LEGACY-CODE-8714,
LN-08270910-11506,TRUE,TRUE,TRUE,VERIFIED,2023-12-09,LEGACY-CODE-2251,0.67
LN-08270910-11507,FALSE,FALSE,FALSE,MISSING,2023-12-05,,
LN-08270910-11508,,,,PENDING,2023-11-22,LEGACY-CODE-5916,
LN-08270910-11509,FALSE,TRUE,FALSE,PENDING,2023-09-23,,
LN-08270910-11510,,TRUE,,PENDING,2023-05-13,,
LN-08270910-11511,TRUE,FALSE,,PENDING,2023-10-01,,
LN-08270910-11512,TRUE,,FALSE,PENDING,2023-07-11,,
LN-08270910-11513,,,FALSE,PENDING,2023-06-20,,
LN-08270910-11514,TRUE,FALSE,FALSE,PENDING,2023-01-18,LEGACY-CODE-3445,
LN-08270910-11515,FALSE,TRUE,,PENDING,2023-09-18,,
LN-08270910-11516,TRUE,,,PENDING,2023-05-23,LEGACY-CODE-7145,
LN-08270910-11517,FALSE,,,PENDING,2023-12-07,,
LN-08270910-11518,TRUE,TRUE,TRUE,VERIFIED,2023-11-26,LEGACY-CODE-9970,
LN-08270910-11519,FALSE,FALSE,,PENDING,2024-05-10,LEGACY-CODE-5885,
LN-08270910-11520,,FALSE,FALSE,PENDING,2023-11-06,,0.98
LN-08270910-11521,TRUE,FALSE,TRUE,PENDING,2023-08-03,,
LN-08270910-11522,FALSE,TRUE,,PENDING,2023-11-07,,
LN-08270910-11523,TRUE,FALSE,TRUE,PENDING,2023-12-22,,
LN-08270910-11524,FALSE,FALSE,,PENDING,2023-02-10,,
LN-08270910-11525,TRUE,,TRUE,PENDING,2023-11-20,LEGACY-CODE-5068,
LN-08270910-11526,TRUE,,,PENDING,2023-03-16,,0.94
LN-08270910-11527,TRUE,TRUE,TRUE,VERIFIED,2023-05-06,,
LN-08270910-11528,,,FALSE,PENDING,2023-03-16,,
LN-08270910-11529,TRUE,TRUE,TRUE,VERIFIED,2024-05-10,,
LN-08270910-11530,TRUE,,FALSE,PENDING,2023-07-31,,
LN-08270910-11531,TRUE,FALSE,FALSE,PENDING,2023-07-03,LEGACY-CODE-3199,
LN-08270910-11531,TRUE,FALSE,FALSE,INCOMPLETE,2023-07-03,LEGACY-CODE-3199,
LN-08270910-11532,,FALSE,,PENDING,2023-05-16,LEGACY-CODE-5410,
LN-08270910-11533,FALSE,FALSE,FALSE,PENDING,2023-07-20,,
LN-08270910-11534,TRUE,FALSE,FALSE,PENDING,2023-06-05,,
LN-08270910-11535,TRUE,TRUE,TRUE,VERIFIED,2023-07-11,,0.75
LN-08270910-11536,FALSE,FALSE,FALSE,PENDING,2023-09-23,,
LN-08270910-11537,TRUE,FALSE,TRUE,PENDING,2023-08-07,LEGACY-CODE-7335,
LN-08270910-11538,,TRUE,,PENDING,2023-08-28,LEGACY-CODE-8427,
LN-08270910-11539,,TRUE,TRUE,PENDING,2023-05-24,,
LN-08270910-11540,TRUE,TRUE,FALSE,PENDING,2023-10-20,,0.8
LN-08270910-11541,,,FALSE,PENDING,2023-09-18,,
LN-08270910-11542,FALSE,FALSE,,PENDING,2023-03-25,,0.67
LN-08270910-11543,FALSE,FALSE,,PENDING,2023-08-22,,
LN-08270910-11544,TRUE,FALSE,TRUE,PENDING,2023-03-18,,
LN-08270910-11545,,,TRUE,PENDING,2023-07-13,,
LN-08270910-11546,TRUE,,,PENDING,2023-10-24,,
LN-08270910-11547,TRUE,TRUE,TRUE,VERIFIED,2023-12-28,,
LN-08270910-11548,,,,PENDING,2023-08-02,,0.57
LN-08270910-11549,FALSE,FALSE,,PENDING,2023-05-12,,
LN-08270910-11550,TRUE,TRUE,FALSE,PENDING,2023-09-14,LEGACY-CODE-3983,
LN-08270910-11551,FALSE,FALSE,,PENDING,2023-06-01,,
LN-08270910-11552,FALSE,,TRUE,PENDING,2023-03-26,,
LN-08270910-11553,,TRUE,TRUE,PENDING,2023-01-14,,
LN-08270910-11554,TRUE,,TRUE,PENDING,2023-02-22,,0.67
LN-08270910-11555,FALSE,FALSE,TRUE,PENDING,2023-07-27,,
LN-08270910-11556,,FALSE,TRUE,PENDING,2023-06-04,,
LN-08270910-11557,FALSE,FALSE,,PENDING,2023-09-05,,
LN-08270910-11558,TRUE,TRUE,TRUE,VERIFIED,2023-05-25,,
LN-08270910-11559,TRUE,TRUE,,PENDING,2023-05-06,,
LN-08270910-11560,FALSE,TRUE,,PENDING,2023-04-17,LEGACY-CODE-4067,
LN-08270910-11561,,FALSE,,PENDING,2023-01-14,,0.9
LN-08270910-11562,FALSE,FALSE,FALSE,PENDING,2023-01-17,,0.82
LN-08270910-11563,FALSE,FALSE,TRUE,PENDING,2023-12-11,,
LN-08270910-10586,FALSE,,TRUE,PENDING,2023-08-20,,
LN-08270910-11565,TRUE,TRUE,TRUE,VERIFIED,2023-09-09,,
LN-08270910-11566,TRUE,TRUE,,PENDING,2023-10-19,LEGACY-CODE-3954,
LN-08270910-11567,FALSE,,TRUE,PENDING,2023-04-26,,0.71
LN-08270910-11568,,,,PENDING,2024-05-10,,0.66
LN-08270910-11569,FALSE,FALSE,FALSE,PENDING,2023-12-31,,
LN-08270910-11570,TRUE,FALSE,,PENDING,2023-10-15,,
LN-08270910-11571,TRUE,,,PENDING,2023-10-22,,
LN-08270910-11572,TRUE,,TRUE,PENDING,2023-12-16,,
LN-08270910-11573,TRUE,TRUE,TRUE,VERIFIED,2023-01-07,,
LN-08270910-11574,,TRUE,FALSE,PENDING,2023-10-21,LEGACY-CODE-5824,
LN-08270910-11575,FALSE,,,PENDING,2023-02-21,LEGACY-CODE-1731,
LN-08270910-11576,TRUE,TRUE,TRUE,VERIFIED,2023-07-27,,
LN-08270910-11577,FALSE,FALSE,FALSE,MISSING,2023-05-28,,
LN-08270910-11578,TRUE,TRUE,FALSE,PENDING,2023-02-27,,
LN-08270910-11579,,TRUE,TRUE,PENDING,2023-08-14,LEGACY-CODE-3851,
LN-08270910-11580,FALSE,FALSE,TRUE,PENDING,2023-09-12,,
LN-08270910-11581,FALSE,FALSE,FALSE,MISSING,2023-06-05,,
LN-08270910-11582,TRUE,TRUE,TRUE,VERIFIED,2023-02-01,,
LN-08270910-11583,TRUE,TRUE,TRUE,PENDING,2023-12-16,LEGACY-CODE-7774,
LN-08270910-11584,TRUE,FALSE,TRUE,PENDING,2023-04-25,LEGACY-CODE-2122,0.52
